experiment,seed,fold,sample_index,prediction,positive_class,top_contributions,expected_value
boosting_suite_catboost_baseline,42,-1,204,0.9985906262800718,1,"[('worst_perimeter', 0.1015191738534748), ('worst_concave_points', 0.044712761829563935), ('worst_area', 0.03791719412096366), ('concavity_error', 0.03689418988317065), ('fractal_dimension_error', 0.03541692949447529), ('symmetry_error', 0.031495375114155726), ('mean_symmetry', 0.024767393096114736), ('mean_perimeter', 0.01899357196297846), ('mean_concave_points', 0.013876431441180037), ('worst_compactness', 0.008960717762482813)]",0.6440368877215117
boosting_suite_catboost_baseline,42,-1,70,0.0004393613394860677,1,"[('worst_area', -0.16556321778252633), ('worst_concave_points', -0.1053975186317017), ('area_error', -0.07183607964196143), ('perimeter_error', -0.0693623414048517), ('mean_concave_points', -0.05562340319168723), ('compactness_error', -0.05483916477794234), ('worst_radius', -0.03511171594424238), ('worst_texture', -0.03171752468802422), ('mean_perimeter', -0.029311584712429957), ('worst_perimeter', -0.02483497560665826)]",0.6440368877215117
boosting_suite_catboost_baseline,42,-1,131,0.00042884604662828124,1,"[('worst_perimeter', -0.12981849485033625), ('worst_texture', -0.08646485101068545), ('worst_area', -0.08453937303459283), ('mean_smoothness', -0.06379036565214408), ('area_error', -0.06298318598031047), ('worst_concave_points', -0.05570428664373006), ('mean_area', -0.046917432491928285), ('mean_concave_points', -0.04062289806404207), ('smoothness_error', -0.04003632089946206), ('radius_error', -0.03273083304765184)]",0.6440368877215117
boosting_suite_catboost_baseline,42,-1,431,0.999644781264856,1,"[('worst_texture', 0.05358032672132916), ('compactness_error', 0.04696349879761132), ('mean_concave_points', 0.046630204144453416), ('worst_radius', 0.04155035614240557), ('worst_area', 0.03487353509436052), ('worst_perimeter', 0.03216096965267041), ('worst_concave_points', 0.03191702056767022), ('area_error', 0.026751378180039535), ('worst_symmetry', 0.025833510081002375), ('concavity_error', 0.015347094161801831)]",0.6440368877215117
boosting_suite_catboost_baseline,42,-1,540,0.9999114961646429,1,"[('area_error', 0.060486554107711685), ('worst_perimeter', 0.05925969469825946), ('mean_smoothness', 0.05523848275369439), ('worst_concave_points', 0.04148854432263611), ('worst_texture', 0.04105785582705173), ('mean_concave_points', 0.03551424089700407), ('worst_area', 0.023333586473119283), ('mean_texture', 0.020717013952228462), ('fractal_dimension_error', 0.01143223877714381), ('symmetry_error', 0.0073463966342822255)]",0.6440368877215117
boosting_suite_catboost_baseline,42,-1,204,0.9996820920582801,1,"[('worst_perimeter', 0.09587168827686202), ('worst_radius', 0.075352336584517), ('worst_concave_points', 0.0485341784175145), ('smoothness_error', 0.03183556841258889), ('worst_area', 0.026203154614819854), ('mean_concave_points', 0.022472166816406493), ('symmetry_error', 0.01445457422192054), ('worst_fractal_dimension', 0.014035111668953713), ('texture_error', 0.00948684880773704), ('area_error', 0.008768073068079302)]",0.6526683911688808
boosting_suite_catboost_baseline,42,-1,70,0.00037442971763647413,1,"[('worst_perimeter', -0.24621604301460134), ('worst_concavity', -0.11084441076276397), ('worst_area', -0.08348312087079544), ('worst_concave_points', -0.07028107961356611), ('worst_radius', -0.03615809096847692), ('mean_texture', -0.035204541095878394), ('texture_error', -0.02067384082220018), ('mean_concave_points', -0.018234717913130805), ('worst_compactness', -0.01606718887378078), ('worst_symmetry', -0.015130927516050526)]",0.6526683911688808
boosting_suite_catboost_baseline,42,-1,131,0.00042552431450919873,1,"[('worst_perimeter', -0.10782944911225421), ('mean_smoothness', -0.09260029997707867), ('worst_area', -0.09052746117469937), ('worst_concave_points', -0.0732998185865332), ('compactness_error', -0.06738425328803076), ('mean_concave_points', -0.05859900939987913), ('worst_texture', -0.05344040507427102), ('mean_compactness', -0.045538736767355335), ('worst_radius', -0.03979594196938582), ('concave_points_error', -0.023227491504884012)]",0.6526683911688808
boosting_suite_catboost_baseline,42,-1,431,0.9997795429116486,1,"[('worst_perimeter', 0.10315352788584342), ('worst_concavity', 0.05857184535757735), ('worst_area', 0.05201845256036804), ('worst_concave_points', 0.03220777988061592), ('concave_points_error', 0.02540698979282964), ('worst_radius', 0.024194362532675654), ('worst_texture', 0.018810866653912562), ('mean_concavity', 0.013859083411601946), ('worst_compactness', 0.010503540382076512), ('compactness_error', 0.008384703285266748)]",0.6526683911688808
boosting_suite_catboost_baseline,42,-1,540,0.9999066978217872,1,"[('worst_area', 0.09449559542172666), ('worst_concave_points', 0.04972391914112506), ('symmetry_error', 0.045927755750562245), ('worst_radius', 0.042636234403652544), ('worst_perimeter', 0.03974110024937091), ('area_error', 0.02769576201953765), ('concave_points_error', 0.013878911876479494), ('worst_texture', 0.012812976940356586), ('mean_texture', 0.01258381473472078), ('concavity_error', 0.007742236115374538)]",0.6526683911688808
boosting_suite_catboost_baseline,42,-1,204,0.9982402022550599,1,"[('mean_area', 0.07782529039595573), ('worst_perimeter', 0.07722873779693683), ('mean_concave_points', 0.05276588221701948), ('worst_area', 0.031033509510801156), ('worst_texture', 0.02761914494727711), ('area_error', 0.02145048355031245), ('mean_symmetry', 0.0186837578165038), ('mean_texture', 0.018354486114924087), ('worst_symmetry', 0.014613840124279354), ('mean_smoothness', 0.007141796383482426)]",0.6515232733975675
boosting_suite_catboost_baseline,42,-1,70,0.0004378294552418321,1,"[('area_error', -0.12605000438969297), ('worst_area', -0.1037621326354382), ('mean_radius', -0.1034903409153597), ('mean_perimeter', -0.0611270651791248), ('worst_perimeter', -0.04928230719932641), ('mean_concave_points', -0.0458429514189006), ('worst_texture', -0.04551758464697649), ('compactness_error', -0.04173595845356028), ('worst_radius', -0.04031392570979056), ('worst_concave_points', -0.03396317339415581)]",0.6515232733975675
boosting_suite_catboost_baseline,42,-1,131,0.0006471340495393386,1,"[('mean_compactness', -0.11427527912312839), ('worst_area', -0.09713028480851489), ('worst_perimeter', -0.09592189997080382), ('mean_area', -0.09260065820632507), ('mean_symmetry', -0.05418236641846877), ('mean_concave_points', -0.04569118986752653), ('area_error', -0.04193981875373116), ('mean_concavity', -0.041162432154219435), ('worst_concavity', -0.04101616715221046), ('worst_texture', -0.02695604289309962)]",0.6515232733975675
boosting_suite_catboost_baseline,42,-1,431,0.9998213431102525,1,"[('worst_area', 0.08991427920017163), ('worst_compactness', 0.04535309898239677), ('worst_perimeter', 0.03537841227991724), ('mean_texture', 0.034166308491663154), ('worst_symmetry', 0.033020861954428604), ('radius_error', 0.030482673348378713), ('mean_concave_points', 0.025845493484242556), ('mean_concavity', 0.020038589930486843), ('area_error', 0.018642677792763993), ('worst_radius', 0.015455674248235404)]",0.6515232733975675
boosting_suite_catboost_baseline,42,-1,540,0.9999070106129242,1,"[('area_error', 0.06830560199325932), ('worst_concave_points', 0.04186485169944808), ('mean_concave_points', 0.03575932285403045), ('worst_perimeter', 0.03361898342241042), ('worst_radius', 0.03214664192701914), ('worst_concavity', 0.03099741852579206), ('worst_area', 0.030203737291509), ('worst_fractal_dimension', 0.030125552759502353), ('worst_smoothness', 0.025359105126628506), ('mean_concavity', 0.02000252161575733)]",0.6515232733975675
boosting_suite_catboost_baseline,42,-1,204,0.9965381895666704,1,"[('mean_concave_points', 0.12698268127769424), ('mean_compactness', 0.05944107024590746), ('perimeter_error', 0.03241945350869247), ('worst_concave_points', 0.028745165615277606), ('worst_texture', 0.024790703376839977), ('worst_area', 0.02355676781209499), ('worst_perimeter', 0.021644402429062886), ('worst_compactness', 0.017440565746648602), ('area_error', 0.015986034553641768), ('mean_symmetry', 0.005308120981045439)]",0.640223224019765
boosting_suite_catboost_baseline,42,-1,70,0.000787625468705028,1,"[('worst_radius', -0.11148648011645795), ('worst_concave_points', -0.09533558573623165), ('mean_concave_points', -0.07192939151711938), ('worst_area', -0.06579180941200842), ('worst_texture', -0.06485373841152814), ('area_error', -0.0560897896845191), ('concavity_error', -0.05255584738173957), ('worst_perimeter', -0.048674125966506505), ('perimeter_error', -0.03651439614183449), ('worst_compactness', -0.03620443418311465)]",0.640223224019765
boosting_suite_catboost_baseline,42,-1,131,0.0005505951626485881,1,"[('worst_area', -0.20053104330166807), ('mean_symmetry', -0.06803439386579847), ('worst_radius', -0.06573966780595994), ('area_error', -0.06563563551998149), ('worst_texture', -0.061744263495483766), ('mean_concave_points', -0.06080424788862284), ('worst_concave_points', -0.048516360468501385), ('worst_smoothness', -0.027567884736941606), ('worst_concavity', -0.021896894973450716), ('mean_fractal_dimension', -0.019202236800708074)]",0.640223224019765
boosting_suite_catboost_baseline,42,-1,431,0.9996710568517373,1,"[('mean_concave_points', 0.08589988519603009), ('worst_radius', 0.046779279293462483), ('worst_area', 0.036482237507710034), ('mean_symmetry', 0.036079226400691417), ('worst_perimeter', 0.03473465461431717), ('symmetry_error', 0.03132033421095482), ('worst_concave_points', 0.028842012904004947), ('mean_perimeter', 0.027407580771313514), ('mean_area', 0.024164845620830645), ('concave_points_error', 0.0077377763126572074)]",0.640223224019765
boosting_suite_catboost_baseline,42,-1,540,0.999882022048561,1,"[('mean_radius', 0.05782195503914026), ('worst_texture', 0.05329540080929736), ('worst_perimeter', 0.03945898797244368), ('worst_area', 0.03867604435772654), ('area_error', 0.03587928360983848), ('worst_radius', 0.034006294093163796), ('worst_concavity', 0.03250956800555852), ('worst_fractal_dimension', 0.02769923837060442), ('worst_concave_points', 0.027466325774081368), ('mean_concavity', 0.012845699996941629)]",0.640223224019765
boosting_suite_catboost_baseline,42,-1,204,0.9988019086926185,1,"[('worst_area', 0.059177561461669345), ('worst_perimeter', 0.05732102297595179), ('mean_texture', 0.05084337928809044), ('smoothness_error', 0.04751858398915371), ('mean_compactness', 0.030854293280735565), ('mean_symmetry', 0.025904384185013257), ('mean_concavity', 0.023658672536810255), ('worst_concavity', 0.01980148295033937), ('area_error', 0.01851923493326731), ('texture_error', 0.016154311865980424)]",0.6490489812256071
boosting_suite_catboost_baseline,42,-1,70,0.000389092997507412,1,"[('worst_perimeter', -0.1356619622329798), ('worst_radius', -0.08374930512082245), ('worst_area', -0.0810085194938788), ('mean_concave_points', -0.06585824462777434), ('mean_symmetry', -0.059092232164922084), ('smoothness_error', -0.0530395059971091), ('area_error', -0.05089255543956903), ('mean_concavity', -0.04510444460690028), ('radius_error', -0.03855117865556079), ('worst_concave_points', -0.03570193988858296)]",0.6490489812256071
boosting_suite_catboost_baseline,42,-1,131,0.0002590302363677163,1,"[('worst_area', -0.18604469226748527), ('worst_perimeter', -0.11211563813403448), ('mean_concavity', -0.08990538928698547), ('symmetry_error', -0.07621882637463165), ('worst_fractal_dimension', -0.050514785825181985), ('concavity_error', -0.036516188743445824), ('worst_concavity', -0.03411170561072811), ('worst_concave_points', -0.028214223083208572), ('mean_texture', -0.02059058095738493), ('area_error', -0.014557920706153011)]",0.6490489812256071
boosting_suite_catboost_baseline,42,-1,431,0.9998260578365176,1,"[('area_error', 0.15791073451731238), ('worst_area', 0.03540751014872799), ('mean_radius', 0.030385902334762807), ('worst_concave_points', 0.02515042506298075), ('worst_radius', 0.023511252671136858), ('concavity_error', 0.023396922451533398), ('mean_texture', 0.017046734205523502), ('mean_smoothness', 0.014037252212310263), ('worst_fractal_dimension', 0.013352058279854988), ('mean_concave_points', 0.010578284726767584)]",0.6490489812256071
boosting_suite_catboost_baseline,42,-1,540,0.9998949001417247,1,"[('worst_area', 0.07164238824794184), ('area_error', 0.07118528876728655), ('mean_texture', 0.03593622933674667), ('worst_concavity', 0.03563513705051615), ('worst_perimeter', 0.03383319737868711), ('mean_concavity', 0.028770058946872814), ('worst_compactness', 0.02484319022263668), ('worst_texture', 0.02267684361288827), ('worst_radius', 0.013245776878281865), ('worst_symmetry', 0.01307780847425965)]",0.6490489812256071
boosting_suite_catboost_baseline,77,-1,120,0.9996537512516126,1,"[('worst_radius', 0.06668061655428094), ('mean_texture', 0.054946779469211025), ('smoothness_error', 0.054826411640216656), ('worst_fractal_dimension', 0.04529276438119076), ('radius_error', 0.042949067165390195), ('worst_area', 0.04191135691247488), ('worst_texture', 0.02341000807299987), ('worst_concavity', 0.016831219154714576), ('worst_perimeter', 0.014804611934970402), ('mean_concave_points', 0.011998598128679344)]",0.626002317837484
boosting_suite_catboost_baseline,77,-1,17,5.733204836912197e-05,1,"[('worst_radius', -0.13678696791213887), ('area_error', -0.0851321889229877), ('worst_area', -0.0828502647834258), ('worst_concavity', -0.07545981989909371), ('worst_texture', -0.05678546293855451), ('mean_perimeter', -0.05394812035891128), ('worst_smoothness', -0.0451997260295489), ('worst_concave_points', -0.04233196279673753), ('mean_concave_points', -0.03824716188829939), ('mean_radius', -0.00920331025941713)]",0.626002317837484
boosting_suite_catboost_baseline,77,-1,285,0.9998156837402166,1,"[('worst_concavity', 0.05047117428696882), ('worst_concave_points', 0.04701918646701497), ('worst_radius', 0.04525053664002697), ('worst_texture', 0.041802554521473675), ('worst_area', 0.04146417498477055), ('mean_texture', 0.03656141474847487), ('worst_symmetry', 0.032190891882651285), ('area_error', 0.03070427811561158), ('perimeter_error', 0.027350189957857873), ('mean_perimeter', 0.020998964297881992)]",0.626002317837484
boosting_suite_catboost_baseline,77,-1,393,4.406528154030747e-05,1,"[('worst_perimeter', -0.15448950866264846), ('mean_smoothness', -0.0964209026653437), ('area_error', -0.08357292364783658), ('worst_area', -0.06009908495396064), ('worst_concave_points', -0.04864241107302077), ('mean_texture', -0.045273189353288376), ('worst_radius', -0.040395121227313056), ('worst_smoothness', -0.03910691069608906), ('worst_concavity', -0.037772178114818825), ('concavity_error', -0.02018602216162413)]",0.626002317837484
boosting_suite_catboost_baseline,77,-1,177,0.00023082869946949072,1,"[('worst_area', -0.09657213972490555), ('symmetry_error', -0.09289707321079896), ('mean_compactness', -0.08167720557762428), ('mean_concavity', -0.07446453971170004), ('worst_perimeter', -0.05891642601560028), ('worst_concavity', -0.05562965647280557), ('worst_concave_points', -0.049833072796021866), ('perimeter_error', -0.0495918067288292), ('mean_texture', -0.03765575398039969), ('mean_symmetry', -0.028533814919328937)]",0.626002317837484
boosting_suite_catboost_baseline,77,-1,120,0.9995335257379717,1,"[('worst_perimeter', 0.09300998621022386), ('worst_texture', 0.06054904298831298), ('mean_texture', 0.04234511305133554), ('worst_concavity', 0.030926827034666433), ('worst_radius', 0.028819786452587832), ('mean_symmetry', 0.02744416953879027), ('worst_area', 0.025324996653235312), ('texture_error', 0.02502191057860577), ('worst_fractal_dimension', 0.02031439758393329), ('mean_compactness', 0.019816786940982482)]",0.625960508705298
boosting_suite_catboost_baseline,77,-1,17,0.0002863828886222103,1,"[('radius_error', -0.1077898618722536), ('worst_symmetry', -0.08807538077698501), ('mean_concave_points', -0.07615156360264323), ('worst_area', -0.06928157449146917), ('area_error', -0.05930369537717587), ('worst_smoothness', -0.05463428983049448), ('worst_radius', -0.04988763053858393), ('worst_texture', -0.048358300418096176), ('worst_concave_points', -0.03820805536443992), ('worst_perimeter', -0.03398377354453419)]",0.625960508705298
boosting_suite_catboost_baseline,77,-1,285,0.9998763255684932,1,"[('mean_concave_points', 0.1396961691599064), ('area_error', 0.048464213710150965), ('worst_smoothness', 0.03970966130825093), ('worst_area', 0.030889582689223156), ('worst_radius', 0.02694021433067652), ('worst_texture', 0.025667312526213727), ('mean_concavity', 0.024978800928578297), ('radius_error', 0.018144306939494544), ('fractal_dimension_error', 0.01515173244001915), ('worst_perimeter', 0.004273822830681506)]",0.625960508705298
boosting_suite_catboost_baseline,77,-1,393,0.00012754647204374424,1,"[('worst_area', -0.13884311837946783), ('worst_texture', -0.0848742896635046), ('worst_smoothness', -0.08061854563254615), ('mean_texture', -0.07898887801489739), ('mean_concave_points', -0.05672869339163), ('worst_perimeter', -0.051214599715928455), ('worst_radius', -0.04831055972682948), ('worst_concave_points', -0.039845907930753995), ('mean_smoothness', -0.029597523584761056), ('texture_error', -0.01681084619293522)]",0.625960508705298
boosting_suite_catboost_baseline,77,-1,177,0.00041008450463340495,1,"[('mean_concave_points', -0.12779210430619295), ('worst_radius', -0.12576207490398958), ('area_error', -0.12472092080637719), ('worst_area', -0.07525544709279201), ('worst_texture', -0.05473456230367897), ('worst_perimeter', -0.04888168260159972), ('worst_concave_points', -0.027605140908289534), ('mean_radius', -0.018641305701301444), ('mean_compactness', -0.017068977687536374), ('perimeter_error', -0.005088207888906737)]",0.625960508705298
boosting_suite_catboost_baseline,77,-1,120,0.9995976293092567,1,"[('worst_concave_points', 0.06296312642698577), ('worst_perimeter', 0.0608599708207084), ('mean_smoothness', 0.05254971097937567), ('mean_texture', 0.047736370924567), ('worst_texture', 0.04062701904485357), ('mean_concave_points', 0.029513521895056426), ('mean_concavity', 0.028065122165706148), ('symmetry_error', 0.020757107394107018), ('mean_fractal_dimension', 0.020457245447053685), ('mean_area', 0.015708073286783395)]",0.6203603609240596
boosting_suite_catboost_baseline,77,-1,17,9.178456085145907e-05,1,"[('worst_perimeter', -0.10866388059424248), ('worst_concave_points', -0.09156758705396242), ('worst_texture', -0.08975097133555508), ('mean_concave_points', -0.08199469471178931), ('mean_area', -0.06647692114467349), ('worst_radius', -0.053842286187533894), ('mean_texture', -0.049546180537059815), ('worst_concavity', -0.029933751790345655), ('area_error', -0.029073455333418763), ('concave_points_error', -0.019418847674627055)]",0.6203603609240596
boosting_suite_catboost_baseline,77,-1,285,0.9997970194929344,1,"[('worst_area', 0.07438346867513011), ('worst_perimeter', 0.06285871660020206), ('worst_concave_points', 0.062181895185258275), ('area_error', 0.0369402684998145), ('mean_concave_points', 0.03642245128225218), ('worst_radius', 0.028690975493387384), ('concave_points_error', 0.0257585549598496), ('fractal_dimension_error', 0.020479989263409215), ('mean_texture', 0.019042610301262444), ('mean_area', 0.012677728308309134)]",0.6203603609240596
boosting_suite_catboost_baseline,77,-1,393,4.7450068946694e-05,1,"[('worst_area', -0.09469072400497185), ('worst_perimeter', -0.07779148137038769), ('worst_concave_points', -0.07604719303518254), ('worst_radius', -0.06729972573044696), ('radius_error', -0.06623861606853439), ('compactness_error', -0.05855997364992969), ('concave_points_error', -0.0503911677422321), ('mean_texture', -0.04778623201504439), ('mean_compactness', -0.04197899082857283), ('worst_texture', -0.03952880640981038)]",0.6203603609240596
boosting_suite_catboost_baseline,77,-1,177,0.000175470909695103,1,"[('worst_concave_points', -0.17477123739576111), ('texture_error', -0.08477645307334127), ('worst_perimeter', -0.07443202268126871), ('worst_radius', -0.06937843855290671), ('mean_concave_points', -0.04521208340707299), ('worst_texture', -0.041336490369983325), ('worst_area', -0.04027466539871762), ('mean_concavity', -0.034478037397989617), ('mean_symmetry', -0.027812475318363863), ('worst_symmetry', -0.0277129864189594)]",0.6203603609240596
boosting_suite_catboost_baseline,77,-1,120,0.999613847338985,1,"[('worst_texture', 0.0604785502104536), ('worst_concave_points', 0.04674047408588702), ('worst_radius', 0.04605422753252454), ('mean_radius', 0.04577347931683492), ('worst_area', 0.04356454405891847), ('mean_compactness', 0.034482713218173394), ('symmetry_error', 0.03025000018060632), ('radius_error', 0.0302226166843452), ('smoothness_error', 0.02180640923644528), ('area_error', 0.015144183041517928)]",0.6250966497732784
boosting_suite_catboost_baseline,77,-1,17,4.7535720034263514e-05,1,"[('worst_concave_points', -0.08943876612442893), ('worst_texture', -0.08929197961116973), ('mean_smoothness', -0.08167329952056442), ('worst_compactness', -0.07688075626108383), ('worst_radius', -0.06234928862914258), ('worst_area', -0.06191493558739519), ('mean_concave_points', -0.05212620069358276), ('worst_concavity', -0.04407887049442483), ('worst_perimeter', -0.041537129042457877), ('worst_smoothness', -0.025757888088993975)]",0.6250966497732784
boosting_suite_catboost_baseline,77,-1,285,0.9998487332427297,1,"[('worst_area', 0.07907479153108607), ('worst_concave_points', 0.054937943924978964), ('worst_radius', 0.0503861518642615), ('radius_error', 0.03943747026724092), ('worst_concavity', 0.038197015395455745), ('worst_texture', 0.0307668568593402), ('mean_perimeter', 0.03062503528666043), ('worst_perimeter', 0.020199190172775106), ('perimeter_error', 0.016786540341698023), ('mean_concavity', 0.014341087825954352)]",0.6250966497732784
boosting_suite_catboost_baseline,77,-1,393,4.6975468748383055e-05,1,"[('worst_concave_points', -0.12147593789253323), ('worst_texture', -0.10535243088453293), ('worst_concavity', -0.0812674126128485), ('worst_perimeter', -0.06747218364558143), ('mean_area', -0.06197855407332035), ('worst_radius', -0.0515515240806013), ('area_error', -0.04739052826278289), ('mean_fractal_dimension', -0.043322408354459635), ('worst_symmetry', -0.038012562801503544), ('worst_area', -0.0072261316963661)]",0.6250966497732784
boosting_suite_catboost_baseline,77,-1,177,0.000214774190667969,1,"[('mean_concave_points', -0.11198413346234933), ('symmetry_error', -0.08577159099064176), ('mean_texture', -0.07985895725760975), ('worst_concave_points', -0.07787416721342559), ('mean_concavity', -0.073979966230243), ('worst_radius', -0.06604671925933163), ('worst_concavity', -0.04717157306688324), ('worst_area', -0.035014906812773264), ('worst_perimeter', -0.03132569287126715), ('compactness_error', -0.015854168418085755)]",0.6250966497732784
boosting_suite_catboost_baseline,77,-1,120,0.9998685503553514,1,"[('worst_radius', 0.059582373841136606), ('worst_texture', 0.04937965902728334), ('worst_perimeter', 0.0428112110269287), ('worst_area', 0.04230428462836181), ('perimeter_error', 0.038452328457056636), ('worst_concavity', 0.033867413266832735), ('mean_concave_points', 0.03249570761611134), ('mean_smoothness', 0.028292603886094097), ('mean_texture', 0.025546981680957998), ('smoothness_error', 0.023093172042236043)]",0.6240428148823521
boosting_suite_catboost_baseline,77,-1,17,0.00015620553160205084,1,"[('worst_area', -0.11864512171256543), ('worst_concavity', -0.09361043711662995), ('worst_texture', -0.07290076909542222), ('symmetry_error', -0.06653572534896686), ('mean_perimeter', -0.058670774214651146), ('mean_concavity', -0.05557623745380724), ('concavity_error', -0.05340603419515819), ('worst_symmetry', -0.04802600954137051), ('worst_perimeter', -0.03512322479925333), ('worst_concave_points', -0.021392275872925165)]",0.6240428148823521
boosting_suite_catboost_baseline,77,-1,285,0.9999128930489664,1,"[('worst_perimeter', 0.13131781061684203), ('worst_concave_points', 0.08135611471311952), ('worst_area', 0.03230924558777587), ('mean_concave_points', 0.027930624587181842), ('worst_smoothness', 0.027810837154779732), ('area_error', 0.025445104304277332), ('worst_radius', 0.016555202833725597), ('mean_perimeter', 0.016512181470607155), ('concavity_error', 0.010930641490565997), ('radius_error', 0.005702315407739189)]",0.6240428148823521
boosting_suite_catboost_baseline,77,-1,393,0.0001354100713029865,1,"[('worst_perimeter', -0.1072009780513952), ('mean_texture', -0.08731462833719889), ('mean_concave_points', -0.0847239862871671), ('worst_area', -0.07579444537938138), ('area_error', -0.061308034378982454), ('worst_concave_points', -0.06018896984424322), ('compactness_error', -0.048539557043997705), ('concavity_error', -0.04469955902049568), ('mean_perimeter', -0.03050889888292651), ('mean_smoothness', -0.023628347585261028)]",0.6240428148823521
boosting_suite_catboost_baseline,77,-1,177,0.0005226822608543052,1,"[('mean_concave_points', -0.1674478278389999), ('worst_concave_points', -0.11140125505134914), ('worst_area', -0.09091748078146554), ('mean_concavity', -0.05963992753237921), ('worst_fractal_dimension', -0.05511145982678769), ('worst_radius', -0.040641284762725466), ('worst_smoothness', -0.0319713213582458), ('mean_smoothness', -0.025486115015767297), ('smoothness_error', -0.021074760826860217), ('worst_perimeter', -0.019828699626917655)]",0.6240428148823521
boosting_suite_lightgbm_baseline,42,-1,204,0.9999845115686046,1,"[('mean_concave_points', 0.07127813716312816), ('worst_radius', 0.06408906880324496), ('area_error', 0.06065000959342015), ('worst_perimeter', 0.04797310881787141), ('worst_concave_points', 0.029530421439877344), ('compactness_error', 0.026217881306748143), ('worst_area', 0.021534940162212832), ('mean_smoothness', 0.012473697460936517), ('mean_texture', 0.012440262460964245), ('radius_error', 0.007352345744462152)]",0.6464446386157386
boosting_suite_lightgbm_baseline,42,-1,70,3.0468366758081534e-08,1,"[('mean_concave_points', -0.12010642525930096), ('worst_concave_points', -0.11910308548837487), ('worst_perimeter', -0.09659799622000806), ('worst_texture', -0.056144749480273294), ('symmetry_error', -0.055538266498078186), ('mean_area', -0.04992513507295876), ('worst_fractal_dimension', -0.04724726485249536), ('worst_smoothness', -0.03886812436462883), ('mean_symmetry', -0.03237040343002377), ('mean_texture', -0.030543157481229696)]",0.6464446386157386
boosting_suite_lightgbm_baseline,42,-1,131,1.2092955501986722e-07,1,"[('worst_concavity', -0.10408875335748471), ('mean_smoothness', -0.10076938277965004), ('mean_concave_points', -0.09591450268603181), ('area_error', -0.09065117603619133), ('worst_radius', -0.05872778112208473), ('concavity_error', -0.05539958852433765), ('worst_concave_points', -0.052149676818712076), ('mean_perimeter', -0.04434611546612468), ('fractal_dimension_error', -0.023196529381532983), ('worst_perimeter', -0.02120101151403359)]",0.6464446386157386
boosting_suite_lightgbm_baseline,42,-1,431,0.9999998638794642,1,"[('worst_smoothness', 0.10330358779767052), ('mean_smoothness', 0.06688580093144791), ('worst_radius', 0.05730867157588041), ('worst_texture', 0.033413923201323324), ('area_error', 0.030154432373197055), ('mean_fractal_dimension', 0.020209226017071508), ('smoothness_error', 0.013587655542579603), ('mean_concave_points', 0.010471037094159674), ('mean_symmetry', 0.009522967727279563), ('symmetry_error', 0.008697923003115891)]",0.6464446386157386
boosting_suite_lightgbm_baseline,42,-1,540,0.9999999950947362,1,"[('worst_smoothness', 0.0880203849766889), ('worst_perimeter', 0.055833405102288944), ('worst_texture', 0.04949476267649494), ('perimeter_error', 0.04526554713373092), ('mean_texture', 0.0430730589346596), ('worst_concave_points', 0.02263114916925234), ('mean_concave_points', 0.015881864397097212), ('mean_symmetry', 0.014946777327376874), ('mean_area', 0.012714336842955018), ('mean_compactness', 0.005694069918452858)]",0.6464446386157386
boosting_suite_lightgbm_baseline,42,-1,204,0.9999993683062081,1,"[('worst_perimeter', 0.09225377163977712), ('worst_area', 0.05159681546500284), ('mean_concave_points', 0.04663854783201968), ('worst_compactness', 0.037769721586746935), ('area_error', 0.027908773689651577), ('worst_concave_points', 0.022776165447721267), ('symmetry_error', 0.022160849622970824), ('mean_compactness', 0.019859817702990713), ('mean_texture', 0.012577988176864749), ('mean_perimeter', 0.009606980284576872)]",0.6568499368578855
boosting_suite_lightgbm_baseline,42,-1,70,5.2785921242419815e-08,1,"[('worst_perimeter', -0.16880886208605195), ('worst_area', -0.1310554208129395), ('area_error', -0.07710589086166779), ('worst_concave_points', -0.07351736390781201), ('worst_concavity', -0.06243254853326062), ('fractal_dimension_error', -0.04532670838699343), ('compactness_error', -0.037718123924135684), ('worst_texture', -0.02603876406578698), ('mean_texture', -0.01771399504800179), ('concavity_error', -0.017132206445314612)]",0.6568499368578855
boosting_suite_lightgbm_baseline,42,-1,131,6.27692909429307e-07,1,"[('worst_perimeter', -0.2465744464619717), ('mean_concave_points', -0.17668867932785184), ('worst_smoothness', -0.06409973661590182), ('symmetry_error', -0.05959866379391308), ('mean_fractal_dimension', -0.028885171738640802), ('worst_concavity', -0.022425958511802034), ('worst_area', -0.01938180138346981), ('mean_texture', -0.01776836197096933), ('fractal_dimension_error', -0.011786869266770852), ('mean_smoothness', -0.009639620093684798)]",0.6568499368578855
boosting_suite_lightgbm_baseline,42,-1,431,0.9999999894497392,1,"[('worst_perimeter', 0.1060665628772747), ('worst_area', 0.07367110194739769), ('area_error', 0.06444752526504856), ('perimeter_error', 0.02547697630876137), ('worst_concave_points', 0.021125938454301992), ('symmetry_error', 0.017582962868269995), ('mean_concavity', 0.011161110489344676), ('concavity_error', 0.009659339686869283), ('mean_concave_points', 0.007596348695066927), ('fractal_dimension_error', 0.006362185999518544)]",0.6568499368578855
boosting_suite_lightgbm_baseline,42,-1,540,0.9999999906533231,1,"[('worst_perimeter', 0.12088527032177011), ('worst_concave_points', 0.08025313984788349), ('area_error', 0.03828489369579536), ('symmetry_error', 0.019824238738425926), ('worst_texture', 0.019782343746930667), ('worst_area', 0.0196812098077442), ('mean_texture', 0.014531809022846951), ('mean_symmetry', 0.01188778494865763), ('mean_concavity', 0.01019326109223761), ('worst_fractal_dimension', 0.007826102573145668)]",0.6568499368578855
boosting_suite_lightgbm_baseline,42,-1,204,0.9999092316200744,1,"[('worst_concave_points', 0.07201814797380297), ('worst_area', 0.06847224729293233), ('mean_texture', 0.036930820383824135), ('worst_fractal_dimension', 0.03433922141022186), ('worst_texture', 0.029318700410099954), ('worst_perimeter', 0.026734998489743166), ('mean_symmetry', 0.022761283325238683), ('mean_smoothness', 0.02266278292521184), ('mean_concave_points', 0.021636133205881758), ('mean_perimeter', 0.013026239135326153)]",0.6520086570677915
boosting_suite_lightgbm_baseline,42,-1,70,4.026591235385093e-08,1,"[('worst_concave_points', -0.15807952545039378), ('worst_perimeter', -0.11705736961943672), ('worst_symmetry', -0.07563849391746079), ('worst_area', -0.07343671054665514), ('mean_concave_points', -0.0691349459386655), ('worst_radius', -0.04047312441878316), ('radius_error', -0.0326523082861399), ('mean_area', -0.029686835405757558), ('mean_texture', -0.02921187974984285), ('worst_fractal_dimension', -0.026637423468743666)]",0.6520086570677915
boosting_suite_lightgbm_baseline,42,-1,131,3.392318229138007e-07,1,"[('worst_concavity', -0.1015726773328962), ('worst_perimeter', -0.09452164440054182), ('worst_smoothness', -0.08621115404645405), ('worst_area', -0.07746111159712907), ('worst_fractal_dimension', -0.06729943134656091), ('mean_radius', -0.05599000868885351), ('mean_concavity', -0.04715884828727181), ('mean_symmetry', -0.04104713861009086), ('mean_concave_points', -0.040738617407249884), ('mean_compactness', -0.04000768611892042)]",0.6520086570677915
boosting_suite_lightgbm_baseline,42,-1,431,0.9999999873327731,1,"[('mean_compactness', 0.07037190355707618), ('worst_symmetry', 0.06624344005663797), ('worst_concave_points', 0.06280662079397119), ('worst_perimeter', 0.04533833277648667), ('mean_concave_points', 0.045188864344812354), ('worst_compactness', 0.022640096517179846), ('concavity_error', 0.012412926478648223), ('worst_area', 0.008733913613506752), ('mean_area', 0.007880403574727496), ('worst_radius', 0.00637482855193486)]",0.6520086570677915
boosting_suite_lightgbm_baseline,42,-1,540,0.999999996610428,1,"[('worst_concavity', 0.06642534891602761), ('worst_perimeter', 0.05749077666169589), ('worst_smoothness', 0.044441104990047095), ('radius_error', 0.042983929271672446), ('symmetry_error', 0.03608186481540017), ('worst_area', 0.029463347354947485), ('worst_texture', 0.026174639105635583), ('concavity_error', 0.020434386832317828), ('worst_concave_points', 0.019056161760585652), ('mean_compactness', 0.005439779834306768)]",0.6520086570677915
boosting_suite_lightgbm_baseline,42,-1,204,0.9999882633056774,1,"[('worst_area', 0.11468916961657592), ('mean_concave_points', 0.06217337300918496), ('concave_points_error', 0.03957282248318283), ('area_error', 0.03519623057041112), ('worst_radius', 0.022778375142976592), ('worst_perimeter', 0.021545246255262065), ('worst_symmetry', 0.019097963079578353), ('texture_error', 0.017452113775903874), ('worst_compactness', 0.012887290528825), ('mean_radius', 0.010226562362071088)]",0.6443691164817056
boosting_suite_lightgbm_baseline,42,-1,70,8.650775578499559e-08,1,"[('mean_concave_points', -0.14830577695147884), ('worst_area', -0.1129609737453602), ('area_error', -0.0931443640989513), ('mean_texture', -0.07306250097755518), ('worst_concave_points', -0.06643389749818371), ('worst_texture', -0.0607470962734807), ('perimeter_error', -0.032970361388938205), ('concavity_error', -0.025792339154166483), ('concave_points_error', -0.022802854725359367), ('worst_concavity', -0.008148865160475988)]",0.6443691164817056
boosting_suite_lightgbm_baseline,42,-1,131,2.8340442327083046e-08,1,"[('mean_concave_points', -0.17163460720973087), ('worst_area', -0.14324544930339644), ('worst_concavity', -0.08005471115417409), ('area_error', -0.06839334108353266), ('radius_error', -0.03976913263852688), ('compactness_error', -0.033376490775133674), ('mean_symmetry', -0.03332185748501205), ('worst_concave_points', -0.032936823690776766), ('mean_radius', -0.022724753698673196), ('mean_texture', -0.01891192110230655)]",0.6443691164817056
boosting_suite_lightgbm_baseline,42,-1,431,0.9999999740880878,1,"[('worst_area', 0.12161486061082641), ('worst_perimeter', 0.05942116429840661), ('area_error', 0.04336680763414205), ('mean_compactness', 0.033264555130795646), ('mean_concave_points', 0.027542458503663065), ('worst_symmetry', 0.01686563419604714), ('worst_concave_points', 0.016061941719048567), ('worst_smoothness', 0.015983820978434333), ('mean_texture', 0.011333597202294432), ('smoothness_error', 0.010176017332723993)]",0.6443691164817056
boosting_suite_lightgbm_baseline,42,-1,540,0.9999999935955792,1,"[('symmetry_error', 0.0858467603847066), ('worst_area', 0.0760934430288105), ('worst_texture', 0.051586622821557536), ('mean_radius', 0.0346975980345554), ('area_error', 0.032272939838134895), ('worst_compactness', 0.01919206939758881), ('mean_symmetry', 0.018305736435012876), ('concavity_error', 0.01721447734409522), ('worst_radius', 0.012688306497979503), ('mean_concave_points', 0.007732923331432273)]",0.6443691164817056
boosting_suite_lightgbm_baseline,42,-1,204,0.9999979741576133,1,"[('worst_radius', 0.0699357074052547), ('worst_area', 0.05669037679045253), ('worst_concave_points', 0.05315456358696007), ('worst_perimeter', 0.036245079797382285), ('concavity_error', 0.02840687544047067), ('area_error', 0.025535879018455866), ('compactness_error', 0.02422574181930448), ('texture_error', 0.020330583610219118), ('worst_concavity', 0.01947005034477462), ('mean_texture', 0.01655334060114039)]",0.6494497757431985
boosting_suite_lightgbm_baseline,42,-1,70,2.1494096349874547e-08,1,"[('worst_perimeter', -0.18001981796209338), ('fractal_dimension_error', -0.09601966192836103), ('worst_radius', -0.08995686651524408), ('mean_fractal_dimension', -0.05299367320424844), ('worst_area', -0.05135400713921348), ('perimeter_error', -0.04336759599366846), ('mean_concave_points', -0.04290782455063378), ('area_error', -0.04205933964351602), ('worst_concave_points', -0.03301802742534348), ('symmetry_error', -0.017752939886780054)]",0.6494497757431985
boosting_suite_lightgbm_baseline,42,-1,131,1.879724620885517e-07,1,"[('worst_concave_points', -0.12979532697236856), ('worst_perimeter', -0.08884321928023105), ('mean_smoothness', -0.07724089170700096), ('worst_radius', -0.07424256482205598), ('mean_concavity', -0.05725501935947614), ('worst_symmetry', -0.05354345227554017), ('worst_concavity', -0.053174566291303224), ('worst_texture', -0.045247360763337796), ('worst_smoothness', -0.035488556754208596), ('area_error', -0.034618629545214004)]",0.6494497757431985
boosting_suite_lightgbm_baseline,42,-1,431,0.9999999360282091,1,"[('mean_concave_points', 0.05216576588511417), ('worst_area', 0.05090008187613254), ('worst_texture', 0.04702056206028144), ('worst_perimeter', 0.04119864682421268), ('worst_compactness', 0.035080041244680504), ('worst_concave_points', 0.032840205328915184), ('worst_radius', 0.02849026805128773), ('mean_compactness', 0.021936672128665846), ('area_error', 0.02132251319742253), ('fractal_dimension_error', 0.01959540368829803)]",0.6494497757431985
boosting_suite_lightgbm_baseline,42,-1,540,0.9999999943458013,1,"[('worst_perimeter', 0.07717095424162847), ('mean_concave_points', 0.05336483157270726), ('worst_texture', 0.0507320635030554), ('worst_smoothness', 0.04016067910882442), ('concave_points_error', 0.030013139269954595), ('compactness_error', 0.02692096676105238), ('worst_area', 0.025179868590219916), ('mean_fractal_dimension', 0.023073648331288166), ('worst_concavity', 0.014015871044206141), ('worst_symmetry', 0.009918196179666093)]",0.6494497757431985
boosting_suite_lightgbm_baseline,77,-1,120,0.9999992815780953,1,"[('worst_concave_points', 0.08567605398189375), ('worst_radius', 0.06498061506447232), ('worst_area', 0.05970121735226482), ('worst_perimeter', 0.05565155034806411), ('area_error', 0.03721103469164417), ('mean_smoothness', 0.02516327818129048), ('worst_compactness', 0.02333467022246052), ('radius_error', 0.008709141730820295), ('mean_perimeter', 0.005918484646778244), ('mean_texture', 0.005664888272872798)]",0.6279883470855337
boosting_suite_lightgbm_baseline,77,-1,17,1.6257466946062416e-08,1,"[('worst_area', -0.1795407578198371), ('mean_texture', -0.06649554224023468), ('worst_concave_points', -0.06462449883429634), ('mean_concave_points', -0.06303625345783107), ('mean_concavity', -0.05864989225095843), ('worst_perimeter', -0.05508225282217322), ('worst_concavity', -0.045078924105305215), ('worst_symmetry', -0.04398952822462579), ('concavity_error', -0.03142594910607077), ('mean_smoothness', -0.02006473196673423)]",0.6279883470855337
boosting_suite_lightgbm_baseline,77,-1,285,0.9999996895666312,1,"[('worst_concavity', 0.09190206568875979), ('worst_concave_points', 0.0828276664019823), ('mean_smoothness', 0.04442104133432558), ('texture_error', 0.0331046292062651), ('mean_texture', 0.03250193939948473), ('perimeter_error', 0.02363465499555256), ('worst_compactness', 0.023452582139128757), ('smoothness_error', 0.02018165822839163), ('worst_texture', 0.014204023122374234), ('worst_smoothness', 0.00578108196483275)]",0.6279883470855337
boosting_suite_lightgbm_baseline,77,-1,393,4.33325914794899e-08,1,"[('worst_perimeter', -0.12992644016404487), ('worst_concave_points', -0.10598809211982438), ('area_error', -0.08479111080596478), ('mean_fractal_dimension', -0.07309511096825841), ('concave_points_error', -0.06414509520497293), ('worst_area', -0.05931283382990247), ('texture_error', -0.04710123536317134), ('worst_symmetry', -0.029831404669878974), ('worst_radius', -0.022246436835775762), ('mean_area', -0.011550543791148253)]",0.6279883470855337
boosting_suite_lightgbm_baseline,77,-1,177,2.2291807498769792e-07,1,"[('worst_concavity', -0.13519794878538355), ('worst_area', -0.08114758280649), ('worst_concave_points', -0.0806215745166405), ('mean_concavity', -0.06411459505506792), ('worst_smoothness', -0.059641416551706704), ('worst_perimeter', -0.051758919452737126), ('smoothness_error', -0.04517379495541818), ('worst_radius', -0.039281340694820935), ('area_error', -0.0369023677337244), ('mean_concave_points', -0.03414858361546961)]",0.6279883470855337
boosting_suite_lightgbm_baseline,77,-1,120,0.9999999819040656,1,"[('mean_concave_points', 0.09072368227274445), ('mean_texture', 0.06101029605874118), ('worst_area', 0.05583218744473172), ('area_error', 0.046304984328066894), ('worst_texture', 0.04338719142284581), ('fractal_dimension_error', 0.04160134076245951), ('radius_error', 0.01894793885629797), ('mean_concavity', 0.009530680898032128), ('smoothness_error', 0.004967052909512215), ('worst_perimeter', 0.0027915924076785522)]",0.6249030345429551
boosting_suite_lightgbm_baseline,77,-1,17,1.2502568055511076e-08,1,"[('mean_concave_points', -0.12183734524615318), ('worst_area', -0.10806953412540263), ('worst_concavity', -0.09593409813538877), ('mean_radius', -0.069205270579839), ('concavity_error', -0.06841831998349392), ('mean_area', -0.04640143037132148), ('radius_error', -0.03871411607581656), ('worst_concave_points', -0.03180898351357333), ('worst_symmetry', -0.027074749171623336), ('fractal_dimension_error', -0.01743917483777486)]",0.6249030345429551
boosting_suite_lightgbm_baseline,77,-1,285,0.9999999785602325,1,"[('worst_perimeter', 0.08247452494903836), ('mean_compactness', 0.07480677459537656), ('worst_compactness', 0.040683740628958645), ('worst_texture', 0.03595484536765396), ('mean_concavity', 0.033728331669368575), ('mean_concave_points', 0.03284158899283567), ('worst_concave_points', 0.022920749376957827), ('compactness_error', 0.02140302535608002), ('area_error', 0.017575388785326242), ('worst_area', 0.012707974295681523)]",0.6249030345429551
boosting_suite_lightgbm_baseline,77,-1,393,1.469139512680877e-08,1,"[('worst_perimeter', -0.15303648691225208), ('mean_fractal_dimension', -0.10148372042763869), ('worst_compactness', -0.09276633676905983), ('mean_concave_points', -0.07056584085292514), ('worst_area', -0.05850432351441455), ('worst_symmetry', -0.041383748632121735), ('worst_concave_points', -0.03694978879557416), ('radius_error', -0.026802955500127124), ('mean_smoothness', -0.023564758588624727), ('mean_perimeter', -0.019845059858821977)]",0.6249030345429551
boosting_suite_lightgbm_baseline,77,-1,177,3.722300911753143e-08,1,"[('mean_concave_points', -0.1585564665040515), ('worst_concavity', -0.11866653875794513), ('worst_radius', -0.10241234603899445), ('perimeter_error', -0.0820696098230042), ('worst_area', -0.0783504311734058), ('worst_smoothness', -0.030617655499019725), ('worst_concave_points', -0.020228230085939842), ('area_error', -0.015359298810171729), ('mean_symmetry', -0.013787321539724045), ('worst_texture', -0.004855099087689529)]",0.6249030345429551
boosting_suite_lightgbm_baseline,77,-1,120,0.9999998779094312,1,"[('worst_area', 0.13045783040960002), ('worst_perimeter', 0.05105552348403529), ('worst_texture', 0.04438182411224202), ('worst_concave_points', 0.03930881176873609), ('worst_fractal_dimension', 0.031497514106185724), ('worst_compactness', 0.027236385936761105), ('mean_fractal_dimension', 0.019336861607469655), ('mean_concave_points', 0.014058329161450271), ('perimeter_error', 0.013559403794715407), ('worst_smoothness', 0.00678478981701347)]",0.6223226037112222
boosting_suite_lightgbm_baseline,77,-1,17,7.104089358198035e-09,1,"[('worst_concave_points', -0.1089609254688463), ('worst_concavity', -0.08671116543334384), ('worst_area', -0.08335511036275599), ('area_error', -0.0791995606087876), ('worst_texture', -0.07608096693585087), ('mean_area', -0.05849730209617965), ('mean_concave_points', -0.04205252969696601), ('worst_symmetry', -0.035408354300111904), ('worst_radius', -0.03350634622192561), ('worst_fractal_dimension', -0.01855033548236512)]",0.6223226037112222
boosting_suite_lightgbm_baseline,77,-1,285,0.9999999161360188,1,"[('concave_points_error', 0.09829204476796694), ('worst_concave_points', 0.05212359687921833), ('worst_perimeter', 0.042723816074244664), ('smoothness_error', 0.03758236834467317), ('mean_smoothness', 0.036788253428573565), ('mean_concavity', 0.03221445965163369), ('mean_compactness', 0.02909966070196969), ('worst_texture', 0.02363839632542042), ('worst_area', 0.014346781943400765), ('worst_fractal_dimension', 0.010867934307695372)]",0.6223226037112222
boosting_suite_lightgbm_baseline,77,-1,393,1.05805896268743e-08,1,"[('worst_concave_points', -0.16270210562181678), ('worst_concavity', -0.12687035428591922), ('perimeter_error', -0.060672086431651104), ('mean_concavity', -0.05034198522183681), ('smoothness_error', -0.049837888434569266), ('worst_area', -0.04895853029318114), ('worst_texture', -0.03648938775360526), ('radius_error', -0.03616599525474059), ('mean_area', -0.02536906220636799), ('mean_concave_points', -0.024915197626944413)]",0.6223226037112222
boosting_suite_lightgbm_baseline,77,-1,177,1.6998839926652443e-08,1,"[('worst_concave_points', -0.1703369288403962), ('worst_area', -0.15905138039183953), ('radius_error', -0.10665779424288042), ('mean_concavity', -0.06750015566026295), ('worst_perimeter', -0.040919587399878894), ('mean_symmetry', -0.03183266815947512), ('worst_texture', -0.03015146785561195), ('mean_compactness', -0.007141957889622359), ('area_error', -0.004836567786662677), ('mean_smoothness', -0.0038940784857521837)]",0.6223226037112222
boosting_suite_lightgbm_baseline,77,-1,120,0.9999996657111362,1,"[('worst_perimeter', 0.1050278786083765), ('mean_concave_points', 0.048671336998068394), ('mean_fractal_dimension', 0.03762808175813617), ('mean_texture', 0.033919072028796994), ('worst_concave_points', 0.03020023371001277), ('worst_area', 0.029918287647739815), ('worst_texture', 0.026962290609425787), ('mean_smoothness', 0.02435801810035981), ('worst_radius', 0.024019141900310095), ('worst_symmetry', 0.011844757924525502)]",0.6274505664253843
boosting_suite_lightgbm_baseline,77,-1,17,1.4981760806786128e-08,1,"[('worst_perimeter', -0.14264975803776125), ('mean_perimeter', -0.09822534989130853), ('worst_concave_points', -0.07562522587632577), ('area_error', -0.06471227045758401), ('smoothness_error', -0.061356803955380956), ('fractal_dimension_error', -0.05225028463736159), ('concavity_error', -0.04819006093438493), ('worst_compactness', -0.03379981545058426), ('worst_area', -0.027724195009766982), ('mean_concavity', -0.0229167871931652)]",0.6274505664253843
boosting_suite_lightgbm_baseline,77,-1,285,0.9999998415389153,1,"[('area_error', 0.06797155752054099), ('mean_concave_points', 0.057999445455717585), ('concave_points_error', 0.054219442162674186), ('worst_perimeter', 0.04567636508996571), ('texture_error', 0.03703120858431411), ('worst_concave_points', 0.032052608484280584), ('compactness_error', 0.029209240270824718), ('worst_concavity', 0.02768047137311793), ('worst_smoothness', 0.010523710622805839), ('mean_smoothness', 0.010185225549289356)]",0.6274505664253843
boosting_suite_lightgbm_baseline,77,-1,393,1.3040871996558116e-08,1,"[('worst_perimeter', -0.12512317441084095), ('worst_concave_points', -0.0849122100791878), ('mean_smoothness', -0.06427027881613744), ('worst_concavity', -0.05930789376239124), ('mean_radius', -0.05869906742601329), ('worst_smoothness', -0.052603029451592564), ('mean_perimeter', -0.05203023498022352), ('perimeter_error', -0.046258535748809976), ('smoothness_error', -0.04414006516893636), ('worst_fractal_dimension', -0.040106063540379065)]",0.6274505664253843
boosting_suite_lightgbm_baseline,77,-1,177,3.3174630607824456e-08,1,"[('worst_perimeter', -0.18091673889392118), ('worst_concave_points', -0.12314754210192529), ('mean_symmetry', -0.1027805682270138), ('mean_radius', -0.061107590983075215), ('mean_concave_points', -0.03575785881491479), ('worst_area', -0.03461747865486717), ('worst_radius', -0.031207467630152304), ('smoothness_error', -0.02334368677448595), ('concavity_error', -0.019110993811827286), ('worst_concavity', -0.01546060735857072)]",0.6274505664253843
boosting_suite_lightgbm_baseline,77,-1,120,0.999999899585441,1,"[('worst_perimeter', 0.05390965211761155), ('mean_concavity', 0.05259484509742764), ('worst_area', 0.0484965545478986), ('worst_texture', 0.04751397098431816), ('mean_fractal_dimension', 0.040391948936795145), ('worst_concave_points', 0.03651282523673161), ('worst_radius', 0.03311106031642121), ('worst_compactness', 0.022476890756477616), ('mean_concave_points', 0.020646263700984446), ('smoothness_error', 0.018774987535880416)]",0.6255709003548946
boosting_suite_lightgbm_baseline,77,-1,17,8.089875062686804e-09,1,"[('symmetry_error', -0.20624075811964482), ('worst_area', -0.07328780478696342), ('worst_concave_points', -0.0714199935366314), ('perimeter_error', -0.06815311858370919), ('worst_perimeter', -0.04956906571112313), ('worst_concavity', -0.043029300649243686), ('radius_error', -0.04118483243434513), ('area_error', -0.02798438564010664), ('mean_area', -0.027172915417521204), ('worst_fractal_dimension', -0.017528717385730936)]",0.6255709003548946
boosting_suite_lightgbm_baseline,77,-1,285,0.9999998757013592,1,"[('mean_fractal_dimension', 0.045754201155246366), ('worst_perimeter', 0.04574596971648634), ('worst_concave_points', 0.044037959127299756), ('area_error', 0.04003656457767236), ('mean_concavity', 0.040000129145683044), ('worst_smoothness', 0.03888172256102801), ('worst_area', 0.035952845550117525), ('worst_symmetry', 0.035110486451684866), ('worst_radius', 0.03131670336905218), ('worst_concavity', 0.017592393692194116)]",0.6255709003548946
boosting_suite_lightgbm_baseline,77,-1,393,8.422313050815085e-09,1,"[('worst_perimeter', -0.14849908577028495), ('area_error', -0.09323941609952127), ('worst_area', -0.08783675497628278), ('mean_compactness', -0.0737490599691807), ('worst_concave_points', -0.06257838598412314), ('worst_radius', -0.044126611815627464), ('mean_area', -0.037599974164103094), ('radius_error', -0.03337206490220341), ('mean_symmetry', -0.03117485559331933), ('mean_concavity', -0.01339468265793542)]",0.6255709003548946
boosting_suite_lightgbm_baseline,77,-1,177,3.880752148862951e-08,1,"[('worst_area', -0.19906446703561181), ('worst_concave_points', -0.18108985196737107), ('worst_smoothness', -0.054517521730801655), ('mean_concavity', -0.04113225362275086), ('worst_texture', -0.03685607972584841), ('concavity_error', -0.03370530655163124), ('worst_perimeter', -0.033126980957251854), ('compactness_error', -0.020347589774197344), ('fractal_dimension_error', -0.013099570655029313), ('worst_concavity', -0.012631239526879359)]",0.6255709003548946
boosting_suite_xgboost_baseline,42,-1,204,0.9893718361854553,1,"[('mean_concave_points', 0.06326794631142063), ('worst_perimeter', 0.059650858557103476), ('worst_concave_points', 0.055168568548618534), ('worst_radius', 0.0512692172566529), ('concavity_error', 0.026225479769704196), ('worst_area', 0.025589325562952205), ('mean_compactness', 0.024466764423618708), ('mean_texture', 0.020071762212336922), ('radius_error', 0.011040601840708708), ('worst_texture', 0.009053013552972495)]",0.6435682981493666
boosting_suite_xgboost_baseline,42,-1,70,0.00040284183342009783,1,"[('worst_perimeter', -0.12653992020216476), ('worst_concave_points', -0.12549908303277207), ('mean_texture', -0.07239349349273966), ('worst_concavity', -0.07051321755036584), ('area_error', -0.06590402253046418), ('worst_radius', -0.06316557143791046), ('radius_error', -0.062165335041481674), ('worst_area', -0.027512475524703303), ('mean_radius', -0.014751806333078234), ('worst_symmetry', -0.014720531170266282)]",0.6435682981493666
boosting_suite_xgboost_baseline,42,-1,131,0.00018225013627670705,1,"[('area_error', -0.11921764056999293), ('worst_radius', -0.10587536710218441), ('worst_perimeter', -0.07334763370806656), ('worst_smoothness', -0.07313720798543279), ('texture_error', -0.062009044669222954), ('worst_compactness', -0.061451039406841566), ('compactness_error', -0.053254029845222615), ('mean_concavity', -0.04426966965278971), ('radius_error', -0.02635995292503733), ('worst_concave_points', -0.024464462148299004)]",0.6435682981493666
boosting_suite_xgboost_baseline,42,-1,431,0.999823272228241,1,"[('mean_texture', 0.13071914033568963), ('worst_concave_points', 0.03275160218911679), ('area_error', 0.031605986820960934), ('worst_concavity', 0.02969024348909716), ('mean_concave_points', 0.026760704914533143), ('worst_symmetry', 0.025172567592050388), ('worst_fractal_dimension', 0.022586979114955916), ('worst_perimeter', 0.022161808477803288), ('worst_area', 0.019190050658387463), ('mean_symmetry', 0.015615890486279687)]",0.6435682981493666
boosting_suite_xgboost_baseline,42,-1,540,0.9999456405639648,1,"[('worst_texture', 0.07689805131297658), ('worst_perimeter', 0.05885374483597507), ('mean_radius', 0.04611154344423369), ('mean_concave_points', 0.04200003446030069), ('worst_compactness', 0.03431762073380413), ('area_error', 0.0297985222264972), ('mean_compactness', 0.026617405141216632), ('worst_concave_points', 0.02241194469672377), ('mean_area', 0.012622230955064895), ('mean_texture', 0.006746244607805641)]",0.6435682981493666
boosting_suite_xgboost_baseline,42,-1,204,0.997519314289093,1,"[('worst_perimeter', 0.07979154182040214), ('worst_concave_points', 0.0670468901754817), ('worst_area', 0.04435151817660849), ('area_error', 0.037046897954230856), ('worst_symmetry', 0.03023174820959835), ('mean_fractal_dimension', 0.028484404884225416), ('mean_concave_points', 0.022793214289055005), ('worst_radius', 0.016698944219503048), ('perimeter_error', 0.015007648727092704), ('radius_error', 0.004502859505191157)]",0.6515636463277041
boosting_suite_xgboost_baseline,42,-1,70,0.0002638109144754708,1,"[('mean_concave_points', -0.12403769793813302), ('area_error', -0.1039999480190736), ('worst_perimeter', -0.08633022562258709), ('concavity_error', -0.07892278078729408), ('worst_concave_points', -0.0776039270437354), ('worst_area', -0.05948624426974658), ('perimeter_error', -0.04875155948568149), ('worst_concavity', -0.04049775643862503), ('mean_texture', -0.03227401718214307), ('mean_symmetry', 0.0006043213737907501)]",0.6515636463277041
boosting_suite_xgboost_baseline,42,-1,131,0.0006900467560626566,1,"[('worst_area', -0.1016876450381031), ('area_error', -0.09850654229224677), ('worst_perimeter', -0.0833917815993994), ('worst_texture', -0.07939085233606766), ('worst_concavity', -0.07347945950835001), ('mean_concave_points', -0.07046043402980377), ('worst_radius', -0.05113178021145887), ('fractal_dimension_error', -0.03925476835937958), ('mean_radius', -0.03154861287779443), ('mean_perimeter', -0.022021723319037713)]",0.6515636463277041
boosting_suite_xgboost_baseline,42,-1,431,0.9999113082885742,1,"[('worst_perimeter', 0.05880549817072294), ('worst_texture', 0.048708540280360965), ('worst_concave_points', 0.04767496385739691), ('compactness_error', 0.03852615869001257), ('symmetry_error', 0.03808045509685389), ('worst_area', 0.03415969487040827), ('mean_perimeter', 0.030218929829466484), ('mean_texture', 0.026295745444221075), ('mean_radius', 0.015336744844056241), ('mean_concave_points', 0.010540930877370736)]",0.6515636463277041
boosting_suite_xgboost_baseline,42,-1,540,0.999932050704956,1,"[('worst_perimeter', 0.06471079411515081), ('mean_symmetry', 0.05920215702320547), ('area_error', 0.050534785811504064), ('mean_smoothness', 0.03397127558526377), ('worst_texture', 0.030990584550048893), ('concave_points_error', 0.02781513248619924), ('texture_error', 0.021112936798293347), ('worst_area', 0.020812645678757416), ('mean_texture', 0.02046503673187635), ('worst_concavity', 0.018753055596952603)]",0.6515636463277041
boosting_suite_xgboost_baseline,42,-1,204,0.9939642548561096,1,"[('mean_fractal_dimension', 0.054093059022279885), ('mean_concave_points', 0.04489347571147802), ('radius_error', 0.042536364027619684), ('mean_texture', 0.0373845005241528), ('worst_texture', 0.036938508974021456), ('worst_area', 0.03630234270632919), ('area_error', 0.031195050210345285), ('worst_perimeter', 0.027042842453892227), ('worst_concave_points', 0.019307706928846806), ('mean_symmetry', 0.01266408967181143)]",0.6516063146253328
boosting_suite_xgboost_baseline,42,-1,70,0.00033861768315546215,1,"[('worst_concave_points', -0.17108317196024592), ('worst_radius', -0.06423202488391738), ('area_error', -0.06360489424579036), ('worst_fractal_dimension', -0.06345123741498843), ('symmetry_error', -0.058415328969210284), ('radius_error', -0.05338586543302399), ('compactness_error', -0.05283409526838176), ('mean_concave_points', -0.052062314028715306), ('mean_compactness', -0.049993286743363494), ('worst_area', -0.02220547799454051)]",0.6516063146253328
boosting_suite_xgboost_baseline,42,-1,131,0.000304763758322224,1,"[('worst_area', -0.18880126080905996), ('mean_concavity', -0.09152300700192789), ('worst_perimeter', -0.07565443600870872), ('mean_concave_points', -0.06253605583753738), ('worst_concavity', -0.04982042953928155), ('worst_symmetry', -0.0419660116098725), ('mean_area', -0.041183623203869715), ('smoothness_error', -0.03977708454957056), ('worst_concave_points', -0.030026518483928333), ('mean_texture', -0.03001312382325405)]",0.6516063146253328
boosting_suite_xgboost_baseline,42,-1,431,0.9998413324356079,1,"[('compactness_error', 0.0586193272718069), ('worst_compactness', 0.058206083664670075), ('worst_perimeter', 0.04405115144342278), ('concavity_error', 0.03791201835914608), ('worst_radius', 0.03686522905161344), ('texture_error', 0.03325095457856924), ('worst_texture', 0.02309436873887922), ('mean_texture', 0.02247212491016604), ('worst_fractal_dimension', 0.017199272003263544), ('perimeter_error', 0.016564487788737797)]",0.6516063146253328
boosting_suite_xgboost_baseline,42,-1,540,0.9999340772628784,1,"[('mean_texture', 0.0749247179723871), ('mean_perimeter', 0.06430047718843872), ('worst_perimeter', 0.05118203768195385), ('worst_texture', 0.02541907752524186), ('area_error', 0.0246237966991264), ('symmetry_error', 0.02375326372681285), ('worst_smoothness', 0.023453998518460147), ('worst_concavity', 0.02272645308688836), ('worst_concave_points', 0.02121102751587441), ('texture_error', 0.01673291272236193)]",0.6516063146253328
boosting_suite_xgboost_baseline,42,-1,204,0.9881848096847534,1,"[('mean_concave_points', 0.056151905700857346), ('worst_area', 0.054265501021010965), ('worst_perimeter', 0.052524802792623254), ('area_error', 0.046891767578820444), ('worst_radius', 0.03882593014776648), ('worst_concave_points', 0.034082948233069066), ('worst_texture', 0.02338465407585244), ('mean_radius', 0.022425950634281322), ('mean_area', 0.020210461818093134), ('mean_compactness', 0.0015088478494974609)]",0.6379120398328815
boosting_suite_xgboost_baseline,42,-1,70,0.0005073896027170122,1,"[('area_error', -0.13258636249566283), ('worst_radius', -0.10301915728580831), ('symmetry_error', -0.08838993721645017), ('smoothness_error', -0.07964331551720462), ('mean_concavity', -0.0748789059560413), ('mean_texture', -0.04976346185969409), ('mean_concave_points', -0.04336641401328782), ('worst_concave_points', -0.03110036815411199), ('mean_symmetry', -0.024213998306290414), ('worst_perimeter', -0.01044272942561291)]",0.6379120398328815
boosting_suite_xgboost_baseline,42,-1,131,0.00014860251394566149,1,"[('worst_concavity', -0.12344205212982372), ('mean_concave_points', -0.12096540167698587), ('worst_area', -0.07958693081761993), ('worst_concave_points', -0.07189308442524749), ('area_error', -0.05389377342307066), ('mean_smoothness', -0.05265142698693906), ('worst_perimeter', -0.050741317221939385), ('worst_radius', -0.05014769633559237), ('worst_texture', -0.020309388057550396), ('compactness_error', -0.014132366244166805)]",0.6379120398328815
boosting_suite_xgboost_baseline,42,-1,431,0.9996724128723145,1,"[('mean_concave_points', 0.07616870064070633), ('worst_area', 0.06673359712419731), ('mean_radius', 0.03824577187891994), ('area_error', 0.038031264216726764), ('worst_perimeter', 0.03778446963354855), ('mean_texture', 0.034397811215642025), ('perimeter_error', 0.028946382299432118), ('worst_symmetry', 0.01959277599908804), ('worst_smoothness', 0.015124528080307564), ('worst_texture', 0.006735071950864343)]",0.6379120398328815
boosting_suite_xgboost_baseline,42,-1,540,0.9999417066574097,1,"[('worst_concave_points', 0.05566197949019039), ('worst_area', 0.04807762238499472), ('symmetry_error', 0.0430311165347633), ('mean_concave_points', 0.04100473813007487), ('smoothness_error', 0.03710279843328751), ('mean_texture', 0.03693624954195363), ('worst_concavity', 0.03596149715797731), ('worst_fractal_dimension', 0.03238043923703899), ('compactness_error', 0.017980264544749196), ('worst_radius', 0.013892961369498245)]",0.6379120398328815
boosting_suite_xgboost_baseline,42,-1,204,0.994786262512207,1,"[('worst_radius', 0.10813103880283967), ('worst_concave_points', 0.049076089126065155), ('worst_perimeter', 0.03686549177548835), ('area_error', 0.027436711586921687), ('worst_texture', 0.025030906391497715), ('mean_perimeter', 0.024351514779032152), ('worst_fractal_dimension', 0.02141940634360544), ('concave_points_error', 0.020307387233981344), ('mean_concave_points', 0.01934774431520418), ('compactness_error', 0.012694152271173398)]",0.650125819886398
boosting_suite_xgboost_baseline,42,-1,70,0.0004669695917982608,1,"[('area_error', -0.137665333068147), ('worst_concave_points', -0.12436602673891256), ('mean_concave_points', -0.07403762977210035), ('mean_radius', -0.06760278547279254), ('worst_concavity', -0.0642702458782312), ('mean_concavity', -0.0477988158128513), ('symmetry_error', -0.043749474975890296), ('worst_texture', -0.041437529001374575), ('worst_area', -0.03457330168803916), ('texture_error', -0.014157707886260806)]",0.650125819886398
boosting_suite_xgboost_baseline,42,-1,131,0.00023133390641305596,1,"[('mean_concave_points', -0.11752749215858509), ('worst_area', -0.09058299545108622), ('worst_concave_points', -0.08341737727733058), ('area_error', -0.08236012150831536), ('mean_radius', -0.06023847388894872), ('perimeter_error', -0.05935236863229149), ('worst_radius', -0.04637654567513152), ('worst_concavity', -0.04626643297718939), ('worst_texture', -0.03327523692750971), ('worst_smoothness', -0.0304974414835969)]",0.650125819886398
boosting_suite_xgboost_baseline,42,-1,431,0.9995759129524231,1,"[('radius_error', 0.07971439892469223), ('area_error', 0.05610853196565055), ('worst_texture', 0.049840040069922605), ('concave_points_error', 0.040288197173923526), ('mean_compactness', 0.028182017634711003), ('worst_compactness', 0.026627639674822904), ('mean_fractal_dimension', 0.023217771686612734), ('worst_symmetry', 0.01799689970956131), ('mean_symmetry', 0.014097326762755224), ('worst_perimeter', 0.013377269463373089)]",0.650125819886398
boosting_suite_xgboost_baseline,42,-1,540,0.9999217987060547,1,"[('worst_texture', 0.07936946890938804), ('worst_concave_points', 0.04337959065800048), ('worst_area', 0.03475113583664742), ('texture_error', 0.032571105636358504), ('worst_compactness', 0.03235675016432377), ('worst_concavity', 0.02853736214037751), ('area_error', 0.02760780153560316), ('concavity_error', 0.027296088028489453), ('mean_area', 0.025290043179368362), ('symmetry_error', 0.018636632731100077)]",0.650125819886398
boosting_suite_xgboost_baseline,77,-1,120,0.9978437423706055,1,"[('worst_area', 0.08162523654699212), ('worst_radius', 0.06387031460288854), ('mean_texture', 0.0507393990984327), ('worst_concave_points', 0.039082516811227715), ('area_error', 0.033664977171750876), ('worst_perimeter', 0.032583729392155335), ('worst_texture', 0.030536304665508763), ('mean_concave_points', 0.01770746036740186), ('mean_concavity', 0.013103494542164815), ('compactness_error', 0.0093302827919029)]",0.6256000263801799
boosting_suite_xgboost_baseline,77,-1,17,0.00020977466192562133,1,"[('worst_radius', -0.1124766007859787), ('worst_texture', -0.0869590405036688), ('mean_concave_points', -0.08130510574357752), ('radius_error', -0.06310313608749538), ('worst_concave_points', -0.062182792907096385), ('mean_fractal_dimension', -0.05961240796974762), ('worst_area', -0.050196361803693926), ('symmetry_error', -0.041364774819835574), ('mean_symmetry', -0.04058753967049078), ('mean_texture', -0.02760927061100168)]",0.6256000263801799
boosting_suite_xgboost_baseline,77,-1,285,0.9994706511497498,1,"[('mean_texture', 0.06791030311764726), ('worst_area', 0.06368805505196291), ('worst_symmetry', 0.04611800704271766), ('worst_concavity', 0.03822078289510907), ('worst_concave_points', 0.03815311666126481), ('mean_symmetry', 0.03552261116242515), ('worst_radius', 0.032490012138482384), ('area_error', 0.02506933448844469), ('mean_concave_points', 0.01698152459130783), ('worst_smoothness', 0.00971687762020812)]",0.6256000263801799
boosting_suite_xgboost_baseline,77,-1,393,0.0005177914281375706,1,"[('worst_concave_points', -0.09374844810421527), ('worst_area', -0.09055598266324051), ('mean_area', -0.08056506268210674), ('worst_perimeter', -0.07394454197478575), ('area_error', -0.07129105596857191), ('mean_concave_points', -0.06288945330979667), ('mean_compactness', -0.06101119650239707), ('worst_concavity', -0.04351468694185413), ('perimeter_error', -0.03068235063795778), ('texture_error', -0.016879456167116502)]",0.6256000263801799
boosting_suite_xgboost_baseline,77,-1,177,0.001132436329498887,1,"[('concave_points_error', -0.19836184114749725), ('compactness_error', -0.08537137426682068), ('mean_concave_points', -0.07045398106998542), ('worst_concave_points', -0.06085368265310194), ('worst_area', -0.04301008489953283), ('worst_fractal_dimension', -0.03743147884841125), ('concavity_error', -0.03695836481385237), ('mean_concavity', -0.031177411561055943), ('mean_area', -0.030707517164220783), ('worst_texture', -0.03014185362620248)]",0.6256000263801799
boosting_suite_xgboost_baseline,77,-1,120,0.9990243911743164,1,"[('worst_fractal_dimension', 0.054212143128257055), ('worst_texture', 0.05060898158029955), ('mean_texture', 0.044924621873789906), ('worst_area', 0.04344722769188029), ('fractal_dimension_error', 0.04299409493236717), ('concave_points_error', 0.0330814827807349), ('mean_concave_points', 0.03214471321599663), ('area_error', 0.027304971077716123), ('worst_concave_points', 0.025157940108144473), ('worst_radius', 0.017620036811194166)]",0.6275281779739361
boosting_suite_xgboost_baseline,77,-1,17,0.00015540129970759153,1,"[('worst_concave_points', -0.11174176045037465), ('worst_texture', -0.09128088482795889), ('concavity_error', -0.07904877752834398), ('worst_perimeter', -0.06863017747629778), ('worst_symmetry', -0.06757570591919204), ('area_error', -0.059621542921931336), ('symmetry_error', -0.0525726334392224), ('worst_area', -0.04178189437847857), ('mean_concavity', -0.02805289362261312), ('radius_error', -0.027066506109815803)]",0.6275281779739361
boosting_suite_xgboost_baseline,77,-1,285,0.9998970031738281,1,"[('perimeter_error', 0.05750714481269891), ('worst_area', 0.05525850466622906), ('worst_texture', 0.05001564286979822), ('mean_texture', 0.044682953829324426), ('mean_smoothness', 0.04010628175962009), ('texture_error', 0.028929756554649966), ('worst_symmetry', 0.028576859330228663), ('worst_smoothness', 0.02813107243660124), ('mean_concave_points', 0.02078304295169398), ('worst_concavity', 0.018377565989047395)]",0.6275281779739361
boosting_suite_xgboost_baseline,77,-1,393,0.00015884023741818964,1,"[('worst_area', -0.11805021622567899), ('mean_concave_points', -0.07722112279029313), ('mean_texture', -0.07409839336348119), ('smoothness_error', -0.06970640213627677), ('area_error', -0.06711926270487933), ('mean_symmetry', -0.06622789762766314), ('worst_concave_points', -0.05032811004645175), ('worst_compactness', -0.04049313545846347), ('worst_radius', -0.03299581030643239), ('worst_smoothness', -0.03112898707689782)]",0.6275281779739361
boosting_suite_xgboost_baseline,77,-1,177,0.00040692227776162326,1,"[('mean_concave_points', -0.09984419984277683), ('worst_concavity', -0.0921577401516016), ('worst_perimeter', -0.07954685434442126), ('worst_radius', -0.06720679794317772), ('worst_area', -0.06378232542785908), ('mean_concavity', -0.05282038082442499), ('area_error', -0.049644592965177675), ('worst_texture', -0.04705378663328427), ('mean_area', -0.0411102575929644), ('worst_smoothness', -0.0339543199704867)]",0.6275281779739361
boosting_suite_xgboost_baseline,77,-1,120,0.9986710548400879,1,"[('worst_texture', 0.10416026116514283), ('worst_concave_points', 0.05295797068366063), ('worst_perimeter', 0.052394013975613725), ('worst_area', 0.04375556787565628), ('area_error', 0.038043688866229414), ('mean_concave_points', 0.028495452567057843), ('mean_fractal_dimension', 0.018276012009822994), ('worst_compactness', 0.015593767827183245), ('worst_radius', 0.013787164515982442), ('radius_error', 0.012813416317919829)]",0.6183937390358187
boosting_suite_xgboost_baseline,77,-1,17,0.00015753853949718177,1,"[('compactness_error', -0.10663163559478644), ('worst_radius', -0.1003835761931479), ('worst_concave_points', -0.09675412816401027), ('worst_texture', -0.0682433998946185), ('mean_concave_points', -0.06551357150868475), ('worst_symmetry', -0.060148058054114995), ('area_error', -0.050698372180309675), ('mean_fractal_dimension', -0.033118869516302274), ('worst_perimeter', -0.025932036302192474), ('worst_smoothness', -0.01081255308815428)]",0.6183937390358187
boosting_suite_xgboost_baseline,77,-1,285,0.999745786190033,1,"[('worst_concave_points', 0.05981264556894711), ('mean_concavity', 0.051915918780146716), ('worst_area', 0.04619978364786588), ('worst_radius', 0.044432380372716226), ('radius_error', 0.04005543300943355), ('worst_perimeter', 0.03930853896125299), ('mean_concave_points', 0.03642983277666869), ('worst_symmetry', 0.03445610357963508), ('mean_perimeter', 0.014956022422970783), ('symmetry_error', 0.013785388034577135)]",0.6183937390358187
boosting_suite_xgboost_baseline,77,-1,393,0.0003352584026288241,1,"[('worst_concave_points', -0.1328843609507399), ('area_error', -0.12833880326714003), ('mean_concave_points', -0.06138245442009692), ('mean_fractal_dimension', -0.059295425009869014), ('worst_radius', -0.05809496304566027), ('fractal_dimension_error', -0.04799758364692439), ('worst_area', -0.04716676123655008), ('mean_texture', -0.04486926342721881), ('mean_smoothness', -0.02660677767976676), ('worst_symmetry', -0.011422087949223725)]",0.6183937390358187
boosting_suite_xgboost_baseline,77,-1,177,0.00040886469651013613,1,"[('worst_texture', -0.11126454964037756), ('worst_concave_points', -0.09237327905335853), ('worst_radius', -0.07253605784665078), ('worst_concavity', -0.07217096231991017), ('worst_area', -0.06924620071460386), ('mean_texture', -0.06260593643593247), ('mean_area', -0.05445744010883897), ('worst_perimeter', -0.04048575070083164), ('worst_symmetry', -0.022829074830611806), ('mean_concave_points', -0.02001562268819287)]",0.6183937390358187
boosting_suite_xgboost_baseline,77,-1,120,0.9985587000846863,1,"[('worst_concave_points', 0.06318691458821941), ('worst_texture', 0.049243487833568016), ('worst_radius', 0.04787680834797374), ('area_error', 0.04242185468461561), ('mean_symmetry', 0.04050457523969597), ('worst_perimeter', 0.032463366236312484), ('worst_area', 0.03147156626065216), ('mean_concave_points', 0.030077508453623267), ('mean_radius', 0.02286002355420207), ('symmetry_error', 0.014288086292347457)]",0.624164508593476
boosting_suite_xgboost_baseline,77,-1,17,0.00019123137462884188,1,"[('worst_concave_points', -0.125809842755287), ('worst_perimeter', -0.08759883352302583), ('area_error', -0.08741372538754154), ('mean_texture', -0.07542654600723549), ('mean_perimeter', -0.04902891597875607), ('worst_area', -0.04843644013397119), ('worst_radius', -0.04483696924148204), ('mean_smoothness', -0.040967223728377196), ('mean_concave_points', -0.03319985603342333), ('concave_points_error', -0.031254924429747546)]",0.624164508593476
boosting_suite_xgboost_baseline,77,-1,285,0.9994378685951233,1,"[('area_error', 0.07405858978092285), ('worst_concave_points', 0.06851832889949298), ('mean_concave_points', 0.059862805041444526), ('worst_smoothness', 0.03363522091847233), ('fractal_dimension_error', 0.03316475441703274), ('mean_perimeter', 0.027335380643608718), ('worst_perimeter', 0.024067072849444204), ('worst_texture', 0.02177745404275561), ('mean_smoothness', 0.018204331449400382), ('worst_compactness', 0.014649421959072895)]",0.624164508593476
boosting_suite_xgboost_baseline,77,-1,393,0.00019320286810398102,1,"[('worst_concave_points', -0.11973595221310601), ('perimeter_error', -0.11083074923246458), ('worst_concavity', -0.071467441502187), ('worst_fractal_dimension', -0.06168846225089856), ('worst_area', -0.05989054480454809), ('mean_concave_points', -0.048929660122435215), ('texture_error', -0.04460918096706969), ('mean_texture', -0.038037016203885395), ('area_error', -0.03522557082122114), ('worst_smoothness', -0.03355672760755646)]",0.624164508593476
boosting_suite_xgboost_baseline,77,-1,177,0.0007533578900620341,1,"[('worst_perimeter', -0.14546417173816523), ('worst_symmetry', -0.12571900234686198), ('worst_concave_points', -0.11604780467634164), ('area_error', -0.0699343860721054), ('worst_area', -0.04676757394147682), ('worst_concavity', -0.041419185451892236), ('worst_radius', -0.035170263142782314), ('mean_concave_points', -0.027129360757727), ('worst_smoothness', -0.011575573746767445), ('symmetry_error', -0.004183828829294023)]",0.624164508593476
boosting_suite_xgboost_baseline,77,-1,120,0.9995132684707642,1,"[('worst_texture', 0.090171538061703), ('area_error', 0.055874591272865544), ('worst_area', 0.04496054860069884), ('worst_radius', 0.040520284278377026), ('worst_concave_points', 0.036620495331157306), ('mean_concave_points', 0.03026752651073746), ('mean_texture', 0.026245823413643732), ('worst_smoothness', 0.02223204296554853), ('worst_concavity', 0.019453939193368325), ('worst_compactness', 0.008061570938694841)]",0.6251049079039696
boosting_suite_xgboost_baseline,77,-1,17,0.000147516984725371,1,"[('worst_concave_points', -0.13236472619512593), ('worst_radius', -0.11544150961550033), ('worst_area', -0.10556165773004271), ('area_error', -0.06925340040193768), ('worst_perimeter', -0.048466418071062056), ('mean_concave_points', -0.047914620069953985), ('worst_texture', -0.03293871004184926), ('worst_compactness', -0.02770901633084255), ('worst_symmetry', -0.026519500211746982), ('mean_concavity', -0.018787832251182596)]",0.6251049079039696
boosting_suite_xgboost_baseline,77,-1,285,0.9998846054077148,1,"[('area_error', 0.06001488105221581), ('worst_concave_points', 0.048912504050955256), ('worst_perimeter', 0.04146892609504191), ('worst_concavity', 0.038631259424841885), ('worst_texture', 0.03831143910377583), ('mean_concavity', 0.036040646557622055), ('worst_area', 0.034712368804069686), ('worst_radius', 0.029693767823964618), ('symmetry_error', 0.026607604979522102), ('concavity_error', 0.020386299611736162)]",0.6251049079039696
boosting_suite_xgboost_baseline,77,-1,393,0.00020263019541744143,1,"[('area_error', -0.0942241691687441), ('worst_area', -0.07804301318901516), ('worst_fractal_dimension', -0.07786776298835327), ('mean_concave_points', -0.07541981780756304), ('worst_concave_points', -0.07335321894340356), ('radius_error', -0.07112588204524052), ('concave_points_error', -0.05404029978657745), ('worst_smoothness', -0.044805287362246864), ('mean_texture', -0.042970858235681364), ('fractal_dimension_error', -0.013051968181726811)]",0.6251049079039696
boosting_suite_xgboost_baseline,77,-1,177,0.0006488148937933147,1,"[('worst_area', -0.12899261844440402), ('worst_concave_points', -0.10791942147395701), ('concavity_error', -0.06598765623445028), ('smoothness_error', -0.05961937085325676), ('worst_concavity', -0.05792864530194443), ('worst_perimeter', -0.054213458785996545), ('mean_concave_points', -0.049104697819717595), ('mean_compactness', -0.04603608459283933), ('worst_compactness', -0.029138423647723122), ('mean_area', -0.02551571585588724)]",0.6251049079039696
feature_ablation_xgboost_baseline,42,-1,204,0.9893718361854553,1,"[('worst_perimeter', 0.0778704890491122), ('mean_concave_points', 0.059929797878191485), ('worst_concave_points', 0.048634184414406055), ('worst_radius', 0.04543711546361809), ('worst_area', 0.03483575244724783), ('mean_compactness', 0.029334359879920755), ('perimeter_error', 0.01668148601667427), ('compactness_error', 0.013357696732482438), ('concave_points_error', 0.013116078120884726), ('mean_concavity', 0.006606578033550902)]",0.6435682981493666
feature_ablation_xgboost_baseline,42,-1,70,0.00040284183342009783,1,"[('worst_concave_points', -0.10377373334955847), ('worst_perimeter', -0.10073778598740904), ('mean_concave_points', -0.0847207405471834), ('worst_radius', -0.08091492940309472), ('worst_area', -0.06441380706165532), ('worst_concavity', -0.062275030063678766), ('area_error', -0.061204738073801286), ('compactness_error', -0.03601639463494266), ('worst_texture', -0.029230035989899032), ('mean_smoothness', -0.01987826120472375)]",0.6435682981493666
feature_ablation_xgboost_baseline,42,-1,131,0.00018225013627670705,1,"[('area_error', -0.14700861790097866), ('worst_perimeter', -0.09813739114462158), ('worst_concavity', -0.0748435044365393), ('worst_compactness', -0.07116112707651408), ('mean_symmetry', -0.060772406230704366), ('worst_smoothness', -0.053353848780603896), ('mean_concave_points', -0.051350629805942835), ('symmetry_error', -0.04229116698920988), ('worst_area', -0.023719642930337858), ('worst_radius', -0.020747712717637416)]",0.6435682981493666
feature_ablation_xgboost_baseline,42,-1,431,0.999823272228241,1,"[('mean_fractal_dimension', 0.056669954088275534), ('area_error', 0.0514117432664087), ('mean_area', 0.048051297568195595), ('worst_perimeter', 0.04622388767220132), ('concavity_error', 0.036448814982933814), ('mean_radius', 0.03402827895570243), ('worst_concave_points', 0.027356595245436058), ('mean_concave_points', 0.025758329843226055), ('worst_radius', 0.023814677713345694), ('mean_perimeter', 0.006491394743149266)]",0.6435682981493666
feature_ablation_xgboost_baseline,42,-1,540,0.9999456405639648,1,"[('worst_texture', 0.06566159292202214), ('worst_radius', 0.04645177260244864), ('area_error', 0.04350848829910801), ('worst_perimeter', 0.03890120020162221), ('mean_smoothness', 0.03184313969472616), ('mean_area', 0.029682051532335968), ('worst_concave_points', 0.029664833167466435), ('mean_concave_points', 0.02498070334031302), ('smoothness_error', 0.024083824024732692), ('mean_texture', 0.02159973662982301)]",0.6435682981493666
feature_ablation_xgboost_baseline,42,-1,204,0.997519314289093,1,"[('worst_perimeter', 0.078893091371139), ('worst_concave_points', 0.050966183254379835), ('worst_area', 0.048814796865196436), ('area_error', 0.04326313040928041), ('worst_radius', 0.03605095570000704), ('mean_concave_points', 0.035728401258509124), ('worst_texture', 0.019249497655046303), ('worst_concavity', 0.014406791576756802), ('mean_texture', 0.010407347236479902), ('compactness_error', 0.00817547263459402)]",0.6515636463277041
feature_ablation_xgboost_baseline,42,-1,70,0.0002638109144754708,1,"[('area_error', -0.1711130929657702), ('worst_concave_points', -0.15209992595754032), ('worst_perimeter', -0.10124971609619922), ('compactness_error', -0.06629182872527493), ('mean_concave_points', -0.04462581625473429), ('mean_symmetry', -0.029120731360035592), ('worst_area', -0.026596249025333474), ('mean_area', -0.02550037891225401), ('concavity_error', -0.021982685464498473), ('worst_compactness', -0.012719410651588214)]",0.6515636463277041
feature_ablation_xgboost_baseline,42,-1,131,0.0006900467560626566,1,"[('worst_perimeter', -0.14340997525040797), ('worst_area', -0.11943591364084935), ('mean_concave_points', -0.07112855457164356), ('worst_concavity', -0.05965835094322717), ('worst_compactness', -0.058997166015821514), ('perimeter_error', -0.05278332613397596), ('mean_radius', -0.04268512693300333), ('worst_concave_points', -0.03946579437638088), ('mean_smoothness', -0.03691457347382937), ('fractal_dimension_error', -0.026394818232502337)]",0.6515636463277041
feature_ablation_xgboost_baseline,42,-1,431,0.9999113082885742,1,"[('mean_perimeter', 0.049049166776867215), ('area_error', 0.04707010401829918), ('mean_texture', 0.04463368464391021), ('worst_texture', 0.036229854457459104), ('mean_concave_points', 0.03382996330489535), ('worst_area', 0.03313483976266013), ('mean_radius', 0.03267822507129527), ('concavity_error', 0.027894415026954143), ('worst_perimeter', 0.025530520465231105), ('worst_symmetry', 0.018296888433298384)]",0.6515636463277041
feature_ablation_xgboost_baseline,42,-1,540,0.999932050704956,1,"[('worst_symmetry', 0.061093023819535144), ('area_error', 0.05142144741729014), ('worst_area', 0.03754134340645115), ('radius_error', 0.0367280569712984), ('worst_concavity', 0.03356643724415748), ('mean_concavity', 0.03181797796285527), ('worst_perimeter', 0.03110420821742155), ('worst_concave_points', 0.02963387943544182), ('worst_radius', 0.02427878374865064), ('mean_texture', 0.011183246154150357)]",0.6515636463277041
feature_ablation_xgboost_baseline,42,-1,204,0.9939642548561096,1,"[('worst_concave_points', 0.05722164096325306), ('worst_radius', 0.054743637088235104), ('mean_texture', 0.042178262600852355), ('worst_perimeter', 0.04022363056454564), ('worst_texture', 0.036057011933512434), ('mean_concave_points', 0.03498147208534512), ('worst_area', 0.024650474349284822), ('area_error', 0.02455582163828183), ('mean_fractal_dimension', 0.014516848552252049), ('worst_compactness', 0.013229140455214372)]",0.6516063146253328
feature_ablation_xgboost_baseline,42,-1,70,0.00033861768315546215,1,"[('mean_area', -0.1411711937689253), ('perimeter_error', -0.08011923867097306), ('mean_concave_points', -0.07930419561031361), ('worst_perimeter', -0.07628119553775387), ('worst_radius', -0.06595803958461911), ('worst_concave_points', -0.06398086902677512), ('radius_error', -0.04665449141108992), ('mean_texture', -0.0439098107630076), ('worst_area', -0.03309908516101772), ('fractal_dimension_error', -0.020789577407702153)]",0.6516063146253328
feature_ablation_xgboost_baseline,42,-1,131,0.000304763758322224,1,"[('worst_compactness', -0.10202138202963143), ('worst_radius', -0.09932752492538642), ('worst_concave_points', -0.08604149442830376), ('mean_concave_points', -0.08169312108855317), ('worst_area', -0.07447800833098114), ('worst_perimeter', -0.06067909942791975), ('texture_error', -0.05367429711437339), ('area_error', -0.04852370677648631), ('mean_smoothness', -0.03310597782772562), ('worst_fractal_dimension', -0.011756938917649517)]",0.6516063146253328
feature_ablation_xgboost_baseline,42,-1,431,0.9998413324356079,1,"[('mean_concave_points', 0.08390989662512867), ('concave_points_error', 0.06522198056577207), ('worst_radius', 0.0604886849627503), ('texture_error', 0.024745377405203505), ('mean_fractal_dimension', 0.024620932850449796), ('worst_perimeter', 0.023068612560061635), ('mean_radius', 0.02053784163134064), ('mean_texture', 0.018978276954531345), ('worst_concave_points', 0.013890945854888481), ('worst_area', 0.012772468400148595)]",0.6516063146253328
feature_ablation_xgboost_baseline,42,-1,540,0.9999340772628784,1,"[('symmetry_error', 0.12473799730477453), ('worst_concavity', 0.03778078272922388), ('fractal_dimension_error', 0.03597381244603947), ('worst_concave_points', 0.03448757565482986), ('worst_perimeter', 0.02755895090532735), ('concave_points_error', 0.02517713763646271), ('mean_texture', 0.02487766646980072), ('mean_symmetry', 0.01702135434007881), ('mean_concave_points', 0.015134621340544592), ('worst_symmetry', 0.0055778638104637245)]",0.6516063146253328
feature_ablation_xgboost_baseline,42,-1,204,0.9881848096847534,1,"[('mean_concave_points', 0.06187324990885169), ('worst_area', 0.056378246335119654), ('area_error', 0.038390631194445815), ('worst_concave_points', 0.037908506893307437), ('worst_perimeter', 0.036467906176175305), ('mean_texture', 0.030823592993960446), ('radius_error', 0.029475455847557088), ('worst_radius', 0.02225020207822765), ('worst_texture', 0.018902140531664557), ('mean_fractal_dimension', 0.017802837892562318)]",0.6379120398328815
feature_ablation_xgboost_baseline,42,-1,70,0.0005073896027170122,1,"[('worst_area', -0.1380509720397365), ('area_error', -0.09432610689724741), ('worst_radius', -0.06797022665244458), ('concave_points_error', -0.06475540778867969), ('mean_texture', -0.05821197778824291), ('mean_concave_points', -0.0547048114344534), ('worst_smoothness', -0.05026085942934677), ('worst_fractal_dimension', -0.044962689703615256), ('worst_concavity', -0.04304955028005633), ('worst_perimeter', -0.021112048216341578)]",0.6379120398328815
feature_ablation_xgboost_baseline,42,-1,131,0.00014860251394566149,1,"[('worst_area', -0.10149065600841906), ('worst_concavity', -0.08366808456747937), ('symmetry_error', -0.08115283377975563), ('mean_concave_points', -0.0743085455073673), ('worst_perimeter', -0.07370418790042922), ('area_error', -0.05749239780846915), ('worst_radius', -0.055302866098253745), ('mean_area', -0.04862149160210488), ('mean_texture', -0.03139029367282318), ('mean_concavity', -0.030632080373834202)]",0.6379120398328815
feature_ablation_xgboost_baseline,42,-1,431,0.9996724128723145,1,"[('worst_texture', 0.10328947408273643), ('worst_perimeter', 0.05880856033938872), ('worst_area', 0.04301539801687381), ('worst_radius', 0.030467472629809172), ('worst_concave_points', 0.026707030382293207), ('worst_compactness', 0.025073051664951718), ('worst_fractal_dimension', 0.022413544079958884), ('texture_error', 0.018300864479233202), ('mean_texture', 0.017341013828635454), ('area_error', 0.016343963535552324)]",0.6379120398328815
feature_ablation_xgboost_baseline,42,-1,540,0.9999417066574097,1,"[('worst_area', 0.07315585936952064), ('mean_concave_points', 0.054894240167974076), ('area_error', 0.04289456857810882), ('mean_texture', 0.0337427598473074), ('worst_texture', 0.030203227553762813), ('mean_concavity', 0.028707539428448458), ('worst_concave_points', 0.028021437312073773), ('concavity_error', 0.02406644631050947), ('worst_concavity', 0.023280098888200474), ('worst_perimeter', 0.023063489368622257)]",0.6379120398328815
feature_ablation_xgboost_baseline,42,-1,204,0.994786262512207,1,"[('worst_radius', 0.05355923558547756), ('worst_concave_points', 0.05049639735040149), ('worst_area', 0.04818248144932588), ('area_error', 0.04600989544324948), ('concave_points_error', 0.03783673232016398), ('worst_perimeter', 0.034189718323052204), ('mean_fractal_dimension', 0.027717861532588647), ('compactness_error', 0.02187831107128202), ('worst_texture', 0.014598286787817502), ('mean_compactness', 0.010191522762450311)]",0.650125819886398
feature_ablation_xgboost_baseline,42,-1,70,0.0004669695917982608,1,"[('worst_concavity', -0.13432697083055437), ('worst_area', -0.09683665553135108), ('mean_radius', -0.08395831156162073), ('worst_compactness', -0.07791528718231588), ('mean_concavity', -0.055724569048423156), ('mean_symmetry', -0.053275783944618633), ('worst_texture', -0.05191443269714854), ('worst_concave_points', -0.05174912543724646), ('worst_fractal_dimension', -0.03485134992444103), ('mean_concave_points', -0.009106364136879824)]",0.650125819886398
feature_ablation_xgboost_baseline,42,-1,131,0.00023133390641305596,1,"[('mean_symmetry', -0.13381853771633023), ('worst_concave_points', -0.07970257574809299), ('worst_perimeter', -0.07926883401080376), ('worst_area', -0.07529797012207433), ('mean_concave_points', -0.07108807179305592), ('worst_radius', -0.06963065526211189), ('worst_concavity', -0.06018656111256482), ('mean_area', -0.047116658256335375), ('symmetry_error', -0.04258990192603921), ('mean_radius', 0.008805279967423621)]",0.650125819886398
feature_ablation_xgboost_baseline,42,-1,431,0.9995759129524231,1,"[('worst_area', 0.06864133704495738), ('worst_concavity', 0.057752791150946316), ('radius_error', 0.03500094923304676), ('area_error', 0.03449872958685158), ('concave_points_error', 0.029867848474688655), ('mean_concave_points', 0.029736781949753783), ('compactness_error', 0.029289480565670205), ('worst_texture', 0.02472227546000177), ('worst_perimeter', 0.02363303768127862), ('mean_symmetry', 0.016306861918830073)]",0.650125819886398
feature_ablation_xgboost_baseline,42,-1,540,0.9999217987060547,1,"[('worst_concave_points', 0.14788040547564832), ('worst_area', 0.03420652711861238), ('worst_symmetry', 0.03274465182747347), ('worst_fractal_dimension', 0.029743295950750537), ('worst_concavity', 0.028412912035219364), ('area_error', 0.024036103337734642), ('fractal_dimension_error', 0.021726457609137963), ('worst_smoothness', 0.014884274981607288), ('worst_texture', 0.013932510028788215), ('mean_concave_points', 0.0022288404546845775)]",0.650125819886398
feature_ablation_xgboost_poly2,42,-1,204,0.9955314993858337,1,"[('worst_area', 0.1379660316465793), ('concavity_error', 0.03549133236890923), ('worst_texture', 0.03502824275133094), ('mean_concave_points', 0.030976680895017723), ('worst_concave_points', 0.02723416544805732), ('mean_radius', 0.0244226433310879), ('worst_perimeter', 0.02318379434650282), ('area_error', 0.020164389220808893), ('worst_radius', 0.016056684340307447), ('concave_points_error', 0.0012031392728135777)]",0.6438043957644186
feature_ablation_xgboost_poly2,42,-1,70,0.0005360908689908683,1,"[('worst_area', -0.2646283858990293), ('worst_concavity', -0.09216183190643708), ('mean_area', -0.06689098188857769), ('area_error', -0.04108330172192385), ('fractal_dimension_error', -0.037253857671832986), ('mean_symmetry', -0.031734848202567), ('worst_compactness', -0.03147446841694061), ('mean_concavity', -0.030522643028656496), ('worst_concave_points', -0.029388983692351784), ('radius_error', -0.01812900246711105)]",0.6438043957644186
feature_ablation_xgboost_poly2,42,-1,131,0.00038072187453508377,1,"[('mean_concave_points', -0.1217439848375312), ('worst_area', -0.11372054185824766), ('mean_smoothness', -0.0976996179357312), ('worst_smoothness', -0.06273920655769684), ('compactness_error', -0.05142303581865521), ('worst_texture', -0.04757101341120154), ('area_error', -0.04388080823126017), ('mean_radius', -0.04247962169346197), ('concavity_error', -0.03482010600680636), ('mean_symmetry', -0.02734573753929125)]",0.6438043957644186
feature_ablation_xgboost_poly2,42,-1,431,0.9997598528862,1,"[('worst_area', 0.11696892760697014), ('worst_concavity', 0.04985931549460585), ('area_error', 0.031690508774984597), ('worst_perimeter', 0.029355699354107773), ('mean_concavity', 0.027988943773396058), ('mean_concave_points', 0.027295421347148387), ('smoothness_error', 0.0234723267644652), ('texture_error', 0.01781851934437372), ('worst_concave_points', 0.01697574500610427), ('worst_fractal_dimension', 0.014530049655625333)]",0.6438043957644186
feature_ablation_xgboost_poly2,42,-1,540,0.9998636245727539,1,"[('worst_area', 0.09375792447524298), ('area_error', 0.06799988976343821), ('worst_texture', 0.039581337822844426), ('mean_texture', 0.03205475869591332), ('mean_concave_points', 0.030772992924388877), ('worst_concave_points', 0.023293552356650045), ('radius_error', 0.0232644312794471), ('concavity_error', 0.02003651257573523), ('symmetry_error', 0.015825979741260043), ('mean_concavity', 0.00947184917341504)]",0.6438043957644186
feature_ablation_xgboost_poly2,42,-1,204,0.997637152671814,1,"[('worst_area', 0.12703053424036176), ('mean_perimeter', 0.040615634696074175), ('texture_error', 0.030546696676207158), ('area_error', 0.026185981149337973), ('worst_concave_points', 0.025772700224456106), ('concave_points_error', 0.02570765818489185), ('worst_radius', 0.022668724781202357), ('mean_concavity', 0.02149998601582237), ('worst_fractal_dimension', 0.015348498010106024), ('mean_area', 0.01156073245844344)]",0.6507000062349108
feature_ablation_xgboost_poly2,42,-1,70,0.00036963788443244994,1,"[('worst_area', -0.28551857719128454), ('worst_concave_points', -0.0942173472499365), ('smoothness_error', -0.06937306132990302), ('worst_perimeter', -0.04245148563996395), ('mean_area', -0.037033091429360114), ('worst_compactness', -0.0323557620920559), ('symmetry_error', -0.02986772635312808), ('area_error', -0.02410366648204164), ('worst_symmetry', -0.018548679164161502), ('compactness_error', -0.016860971418643178)]",0.6507000062349108
feature_ablation_xgboost_poly2,42,-1,131,0.0004251818172633648,1,"[('worst_area', -0.2934626061769686), ('area_error', -0.0605435455559176), ('mean_symmetry', -0.05722958531283124), ('mean_smoothness', -0.04246268397930115), ('radius_error', -0.04203047537843107), ('smoothness_error', -0.03693356828952543), ('compactness_error', -0.035582445065408655), ('worst_compactness', -0.03303844016320234), ('worst_concave_points', -0.028958982035909967), ('mean_texture', -0.020032492460151267)]",0.6507000062349108
feature_ablation_xgboost_poly2,42,-1,431,0.9997674822807312,1,"[('mean_texture', 0.09576575447114473), ('worst_area', 0.09500638698200577), ('worst_perimeter', 0.033884994555728), ('area_error', 0.029618962373746067), ('mean_concavity', 0.024733654632213917), ('perimeter_error', 0.020447566472813036), ('concavity_error', 0.01597711919783754), ('worst_concave_points', 0.012422098805279395), ('radius_error', 0.012202045840301878), ('worst_texture', 0.009008892714750078)]",0.6507000062349108
feature_ablation_xgboost_poly2,42,-1,540,0.9998101592063904,1,"[('worst_area', 0.09334174409919527), ('worst_texture', 0.07321796810891723), ('worst_concavity', 0.02940160466085706), ('worst_radius', 0.027629519444162174), ('worst_concave_points', 0.025445219215968252), ('area_error', 0.024825448258956835), ('worst_perimeter', 0.023079646863339316), ('perimeter_error', 0.018097510389648803), ('compactness_error', 0.017832432024789516), ('mean_concave_points', 0.016239059905645146)]",0.6507000062349108
feature_ablation_xgboost_poly2,42,-1,204,0.996299684047699,1,"[('worst_area', 0.13732858298441253), ('worst_texture', 0.06410587795311318), ('mean_concave_points', 0.04241591796889035), ('worst_concave_points', 0.030248761371319977), ('mean_texture', 0.02322116026286392), ('area_error', 0.01653019429198809), ('perimeter_error', 0.011754937654522388), ('worst_radius', 0.010501089928209287), ('mean_compactness', 0.0064226006656976945), ('texture_error', 0.003274307683227229)]",0.6504962532834543
feature_ablation_xgboost_poly2,42,-1,70,0.0004940940998494625,1,"[('worst_area', -0.158195244972536), ('worst_concave_points', -0.12236598294901477), ('area_error', -0.08219412028586809), ('mean_radius', -0.0818780633151989), ('mean_area', -0.060501792288212106), ('worst_texture', -0.04850448339795668), ('mean_smoothness', -0.035551217016067914), ('radius_error', -0.030241332743824244), ('worst_symmetry', -0.015518923251309102), ('worst_concavity', -0.01505099896361702)]",0.6504962532834543
feature_ablation_xgboost_poly2,42,-1,131,0.00038032064912840724,1,"[('worst_area', -0.23572538689710235), ('worst_radius', -0.07942057110998822), ('mean_concavity', -0.07301173721364208), ('worst_concavity', -0.04206931858123279), ('mean_concave_points', -0.039011318936526575), ('worst_concave_points', -0.038790102685649856), ('mean_area', -0.0379063922817098), ('worst_smoothness', -0.03789432868372549), ('worst_symmetry', -0.03538160284902092), ('mean_smoothness', -0.030916707942229758)]",0.6504962532834543
feature_ablation_xgboost_poly2,42,-1,431,0.9995865225791931,1,"[('worst_area', 0.15189209133416492), ('worst_concave_points', 0.041566029850108994), ('mean_concave_points', 0.03578326033736376), ('mean_concavity', 0.03223339210207876), ('compactness_error', 0.024962681763446706), ('worst_concavity', 0.019597238989791096), ('mean_perimeter', 0.017786140782420325), ('worst_texture', 0.012613405352589934), ('radius_error', 0.00756216355000372), ('worst_radius', 0.005093865233770708)]",0.6504962532834543
feature_ablation_xgboost_poly2,42,-1,540,0.99972003698349,1,"[('worst_area', 0.1240919504571804), ('symmetry_error', 0.04235136474093447), ('worst_radius', 0.040518865665921174), ('worst_perimeter', 0.029237596261602473), ('worst_concave_points', 0.02743948338732556), ('worst_smoothness', 0.020158923438488015), ('mean_concavity', 0.017795307512323253), ('area_error', 0.01673936820166223), ('worst_texture', 0.016047727816582445), ('worst_fractal_dimension', 0.01484319621801572)]",0.6504962532834543
feature_ablation_xgboost_poly2,42,-1,204,0.9949005246162415,1,"[('worst_area', 0.1305458829286359), ('area_error', 0.046647889292557906), ('worst_texture', 0.03954579178676931), ('mean_concave_points', 0.037013761427837716), ('mean_compactness', 0.025331318249593397), ('worst_radius', 0.024243008694443083), ('worst_perimeter', 0.01958243132269804), ('concavity_error', 0.01591146210420612), ('mean_smoothness', 0.010062339961325533), ('radius_error', 0.006598781260123809)]",0.6395232386000135
feature_ablation_xgboost_poly2,42,-1,70,0.0004127296560909599,1,"[('worst_area', -0.13929894647275795), ('worst_perimeter', -0.0989338583432547), ('worst_concavity', -0.07086528589197386), ('concave_points_error', -0.06253836194356419), ('mean_concave_points', -0.05423850762749638), ('radius_error', -0.05017772335378497), ('worst_smoothness', -0.04455172381784025), ('worst_compactness', -0.043355712625503424), ('worst_texture', -0.040212573501826936), ('area_error', -0.03495246780577854)]",0.6395232386000135
feature_ablation_xgboost_poly2,42,-1,131,0.0002955341769848019,1,"[('worst_area', -0.08215886631401441), ('area_error', -0.08178987179970727), ('mean_fractal_dimension', -0.07898065661550352), ('mean_concave_points', -0.0784553027215276), ('worst_texture', -0.0715621811456363), ('worst_concavity', -0.05537591300307173), ('worst_radius', -0.05428456824605384), ('texture_error', -0.05061602166947599), ('radius_error', -0.05016928780913248), ('concavity_error', -0.03583503509890551)]",0.6395232386000135
feature_ablation_xgboost_poly2,42,-1,431,0.999701201915741,1,"[('worst_area', 0.10907332492468536), ('mean_concave_points', 0.050760711109642406), ('area_error', 0.045619355696742726), ('worst_perimeter', 0.040691490881010886), ('worst_radius', 0.03827142772193342), ('worst_texture', 0.021917657481672306), ('worst_symmetry', 0.017592366268657122), ('symmetry_error', 0.016505137526977638), ('worst_compactness', 0.009914278391031409), ('mean_texture', 0.009832213313374196)]",0.6395232386000135
feature_ablation_xgboost_poly2,42,-1,540,0.9997488856315613,1,"[('worst_area', 0.12356668625747533), ('worst_perimeter', 0.05907499958446122), ('mean_perimeter', 0.04588521752145256), ('worst_concave_points', 0.031812769799634585), ('radius_error', 0.030845340150184614), ('mean_concave_points', 0.030528762491985505), ('worst_compactness', 0.014921194802023597), ('perimeter_error', 0.011528616204895837), ('worst_radius', 0.006423664024756137), ('worst_concavity', 0.0056383961946784925)]",0.6395232386000135
feature_ablation_xgboost_poly2,42,-1,204,0.9975831508636475,1,"[('worst_area', 0.14491568492103385), ('mean_concave_points', 0.03329866089083864), ('worst_perimeter', 0.032929076651975496), ('mean_texture', 0.02719829968349302), ('perimeter_error', 0.0254459518134416), ('area_error', 0.021926198501991102), ('worst_texture', 0.0183955344499009), ('worst_concave_points', 0.01598110510725083), ('mean_compactness', 0.014067461929874472), ('mean_area', 0.013852481384133506)]",0.649294341838613
feature_ablation_xgboost_poly2,42,-1,70,0.0004057240439578891,1,"[('worst_area', -0.17009071991799796), ('mean_smoothness', -0.07891553432544379), ('worst_perimeter', -0.07435514355926615), ('mean_concave_points', -0.0607452139091236), ('mean_compactness', -0.05507904826531604), ('area_error', -0.05256467788924685), ('worst_texture', -0.0461028437830879), ('concave_points_error', -0.04584979232724078), ('worst_radius', -0.03757344180158589), ('smoothness_error', -0.027612202016346288)]",0.649294341838613
feature_ablation_xgboost_poly2,42,-1,131,0.00021045398898422718,1,"[('worst_area', -0.14732164817980398), ('worst_radius', -0.0891920903396176), ('worst_symmetry', -0.0873889711562928), ('mean_concave_points', -0.06980020145124473), ('worst_texture', -0.06860359139622996), ('radius_error', -0.05733392418767924), ('worst_compactness', -0.0391691374152784), ('area_error', -0.03440804102210288), ('mean_symmetry', -0.03305304986508844), ('mean_concavity', -0.022813232836290886)]",0.649294341838613
feature_ablation_xgboost_poly2,42,-1,431,0.99972003698349,1,"[('worst_area', 0.08226806544919875), ('symmetry_error', 0.07126596525118627), ('area_error', 0.0457497185820306), ('fractal_dimension_error', 0.03546572254405801), ('worst_radius', 0.028995590629441268), ('concave_points_error', 0.023439238282488943), ('mean_concavity', 0.023430273361748074), ('mean_perimeter', 0.01740187029529061), ('mean_radius', 0.011440560978749355), ('worst_texture', 0.0109686897706851)]",0.649294341838613
feature_ablation_xgboost_poly2,42,-1,540,0.9998570680618286,1,"[('worst_area', 0.10836541331501584), ('mean_concave_points', 0.04749254572192597), ('area_error', 0.045789140245789284), ('mean_concavity', 0.039393815587966084), ('symmetry_error', 0.027168181519840826), ('worst_perimeter', 0.02365518150365538), ('worst_concavity', 0.023374852464073236), ('worst_texture', 0.014616559333302748), ('radius_error', 0.010749633963799085), ('worst_concave_points', 0.009957402567847188)]",0.649294341838613
